0,1,2,3,4,5,6,7,8,9,10,11
24.937,37.465,177.22,-216.443,56.3,202.348,68.838,-33.635,-24.275,92.399,-37.411,-14.199
43.154,-43.433,73.812,-5.868,-52.972,57.5,-6.984,41.17,-1.751,-1.886,15.444,-29.55
46.638,69.172,103.23,-17.005,-37.423,47.573,-0.734,25.383,-10.965,-44.947,10.023,-40.109
48.717,98.608,73.54,11.212,-12.181,5.464,-27.333,8.613,-37.387,-12.888,-4.647,-16.206
48.772,70.868,58.046,12.729,-11.11,22.801,-17.896,-17.476,-21.478,10.794,-6.544,-29.117
45.262,6.839,49.118,25.602,-43.197,-18.467,-27.858,9.556,-4.142,14.951,-13.184,-27.756
46.314,44.637,99.117,-12.556,-55.907,20.29,-6.513,28.878,-32.384,-21.997,0.523,-23.05
48.768,80.767,33.53,14.409,-22.318,-21.217,-19.796,9.158,-12.629,-4.144,7.286,-2.888
47.163,20.017,54.56,16.818,-19.778,25.001,-12.037,29.976,-17.221,-12.209,-29.747,-21.995
45.691,3.814,42.36,19.368,-17.658,20.175,8.911,-12.345,-14.585,6.772,-7.987,-11.118
45.136,38.312,82.089,-18.954,-22.561,6.069,6.327,-6.135,-5.324,-12.879,1.737,11.339
47.233,56.852,47.303,35.138,-16.351,-12.623,-3.537,7.106,0.204,-7.628,6.74,8.867
48.206,43.875,91.281,4.158,-5.398,-3.83,14.965,17.077,-27.055,30.664,6.621,15.349
46.435,23.468,63.875,38.736,-24.184,-22.505,10.371,-1.376,-9.87,20.843,-10.58,12.963
43.804,54.694,40.514,11.025,-7.177,-15.406,-17.283,-25.638,12.328,12.368,1.878,-6.291
44.626,63.829,31.558,-16.109,-4.049,15.943,-11.271,-0.635,12.83,-9.7,-8.006,6.321
44.638,44.68,36.486,-10.699,4.973,-3.0,-6.708,-14.06,6.37,35.078,-10.038,-15.326
45.664,7.285,54.104,40.802,-36.46,18.944,8.282,-5.45,-33.701,2.4,0.916,-20.948
46.603,72.552,110.302,-16.14,-23.995,37.596,-19.635,17.442,-26.196,-25.377,6.919,-33.553
48.556,81.463,64.523,10.016,-8.414,6.642,-25.597,18.42,-15.734,-13.818,0.754,-26.294
49.1,67.134,60.859,34.284,-29.074,18.156,-22.845,-5.746,-9.593,-19.742,0.023,-26.736
45.292,17.743,36.19,47.675,-33.932,-9.534,-36.887,-16.272,1.779,19.172,-8.904,-28.263
46.071,47.12,93.738,-3.969,-49.213,33.385,-11.567,6.434,-33.478,-26.193,19.724,-22.565
47.748,66.9,55.726,25.164,-18.755,9.588,-22.123,2.218,-3.107,-21.669,10.215,-5.24
47.815,43.422,39.785,39.733,-19.336,31.77,-15.413,0.585,-17.624,-27.509,-15.439,-24.928
45.396,-9.113,22.617,37.488,-18.086,20.461,13.803,1.526,-22.593,-11.212,-22.061,-7.481
45.141,36.016,75.195,-12.502,-18.012,2.014,20.233,-7.134,-16.044,-28.317,23.498,16.316
47.414,50.998,44.86,36.11,-18.641,-45.709,-6.036,2.406,6.655,-9.944,-11.327,5.322
47.523,48.851,70.284,-4.166,7.339,4.533,19.17,1.012,15.079,-0.76,11.607,16.296
46.023,-4.239,66.748,47.766,-28.706,-55.893,15.168,-4.283,16.857,13.638,-12.685,26.947
44.031,61.663,43.418,12.128,2.222,-8.332,-2.522,-16.758,25.181,-2.49,14.027,-6.872
46.322,62.424,19.593,29.904,-9.479,-4.694,-16.138,4.389,6.774,11.479,10.429,-2.812
45.62,29.474,30.338,2.687,19.335,8.572,-2.218,-12.867,14.544,30.135,5.785,-26.912
44.481,5.085,81.777,-0.275,-21.604,12.147,3.419,13.465,-27.723,7.38,-23.78,-10.095
47.215,72.376,81.695,-30.137,-14.466,20.294,-21.022,21.529,-25.534,7.644,6.215,-5.749
48.559,77.571,63.67,-1.635,-20.801,14.147,-27.267,22.361,-13.602,-11.117,-2.49,-24.622
48.741,63.249,68.247,-5.54,0.353,37.762,-2.629,14.214,-4.53,-14.464,-2.191,-26.738
45.372,20.482,57.039,25.806,-28.088,-16.086,-14.962,8.794,-0.406,10.436,-21.921,-25.277
45.358,53.343,103.548,-38.125,-28.134,32.397,-6.463,13.411,-24.553,-18.176,-8.424,-27.767
48.236,61.643,36.103,14.26,-16.61,-5.029,13.065,9.369,7.689,-4.123,23.888,3.896
47.582,53.67,37.859,25.369,-11.102,41.026,-10.063,-2.587,-1.784,-25.525,-15.062,-29.45
46.049,12.142,35.273,13.83,-22.379,28.754,14.807,-1.505,-19.776,-3.989,-2.949,-12.56
45.618,43.411,89.343,-15.998,-11.606,0.914,11.103,6.071,-17.71,-1.751,7.682,18.665
47.343,64.217,55.169,23.904,-2.809,-6.425,-6.472,-3.56,5.802,-8.814,0.052,-1.625
48.624,71.021,58.235,3.284,7.058,-11.978,11.038,-1.686,-16.724,7.251,10.857,1.364
46.292,9.13,39.535,48.086,-24.51,-42.35,-6.667,-6.394,11.405,17.411,-3.677,-7.328
46.275,90.186,70.514,-20.212,16.254,-8.12,8.92,-21.278,0.104,8.586,8.436,15.475
48.822,64.52,65.637,33.376,-5.341,-15.795,3.694,11.478,-17.268,6.699,8.437,22.316
48.334,48.339,43.199,1.417,19.614,5.328,14.062,-5.875,-13.15,11.336,2.909,8.464
47.331,18.1,59.057,20.121,6.285,2.902,3.167,0.356,13.154,4.77,-3.766,7.17
48.543,45.41,75.969,25.32,-30.584,22.07,-3.292,-15.485,-26.62,-13.556,9.998,-22.87
45.395,65.493,63.507,0.95,-11.458,-18.178,-21.738,-12.764,-24.04,-13.944,-0.818,-28.872
45.389,21.434,41.847,-5.059,-27.113,0.979,-14.098,13.632,19.285,27.816,-18.235,-3.315
44.582,68.631,29.443,-38.396,-11.333,-16.079,21.42,-6.082,-12.011,-12.333,23.6,15.485
45.437,46.801,5.12,52.727,-5.827,-54.146,-14.373,8.568,7.837,-11.42,-40.007,10.209
44.028,83.335,43.851,-30.117,14.679,-0.075,-0.343,-11.358,8.816,15.806,20.538,8.835
44.651,0.61,-23.906,87.596,0.376,-12.762,-14.294,-15.204,10.866,7.617,-30.369,1.887
43.492,40.701,15.113,-41.209,3.0,27.334,7.049,-26.699,6.578,9.667,25.826,2.689
46.068,60.553,17.239,44.244,16.516,-2.46,-13.069,5.198,3.252,-7.646,-19.675,7.661
46.169,84.676,53.866,-14.807,20.034,16.239,0.619,7.481,-7.488,12.171,27.631,-4.141
46.44,8.721,52.443,29.517,-13.641,-20.887,-1.25,-16.001,23.505,30.717,-15.293,-1.592
47.647,77.069,70.266,26.766,-13.541,-21.168,5.517,-6.763,-52.403,-21.407,12.034,-25.067
46.846,48.235,24.419,55.445,-29.199,-14.778,-21.34,13.337,-19.747,-0.06,-16.032,-15.91
47.482,57.058,67.072,-27.347,14.971,28.481,9.208,-15.952,-22.914,10.284,-2.895,-36.178
49.189,36.057,65.078,37.848,-23.413,-0.775,7.982,-4.861,-6.188,1.878,-7.254,-17.12
44.896,22.556,69.705,6.552,11.872,-29.624,-19.175,-16.653,32.048,-4.336,0.157,-33.299
47.842,45.063,101.783,12.649,-25.557,21.34,-7.654,4.727,-6.257,-17.113,-11.304,-44.087
46.329,53.213,55.211,25.8,-32.869,-32.1,-8.335,-15.831,-25.005,-26.05,-1.348,-49.155
47.017,33.652,53.448,6.967,-15.851,13.213,-10.33,22.856,21.366,-3.983,-7.945,-6.547
45.361,89.005,46.488,-13.234,-28.303,-9.921,11.666,23.907,8.154,3.566,8.329,-1.216
44.661,61.845,1.278,37.469,0.974,-1.654,-14.33,3.856,10.963,6.993,-22.934,-2.204
45.8,94.393,72.976,-18.55,13.931,25.409,22.263,-1.049,0.387,2.433,34.783,9.266
47.891,30.436,68.083,39.482,-15.364,-20.43,25.856,-2.742,1.183,25.269,6.502,9.436
48.214,80.221,83.998,-19.844,15.959,0.891,18.395,9.09,-6.563,-1.604,1.886,-5.902
48.276,58.944,64.695,49.209,25.535,-23.708,7.994,0.906,0.298,7.072,3.858,-2.474
45.118,64.976,109.272,10.534,27.664,3.026,46.502,-11.07,-18.102,-31.548,20.032,7.711
48.052,-6.286,56.998,26.219,9.237,-41.325,29.109,-0.56,8.052,8.738,20.432,6.216
49.866,65.121,96.939,45.566,11.374,-19.124,5.372,-6.495,2.784,-23.237,9.79,18.226
49.07,-0.571,96.117,32.166,-12.127,-25.683,7.23,-1.678,0.748,-10.34,-3.219,-4.095
48.763,25.975,105.836,-13.879,9.26,-0.069,9.79,40.34,-3.583,-8.923,3.219,7.964
49.691,36.356,90.502,24.042,7.558,2.426,9.729,-9.857,11.9,-1.589,-8.982,-7.918
49.767,54.347,105.578,17.812,27.806,17.176,0.584,5.738,18.103,-19.496,1.68,-17.645
50.805,65.939,97.315,16.629,18.118,-29.9,-3.204,15.264,-3.898,-18.064,6.66,-29.631
49.86,60.063,85.062,14.386,4.446,-28.889,-4.916,-2.363,-0.059,10.203,-5.268,-27.119
48.471,36.429,82.894,28.139,3.866,-34.214,-1.663,-8.407,26.23,5.787,2.043,1.182
48.124,-11.886,125.419,25.813,19.784,-10.681,8.364,14.07,31.773,-8.337,3.558,23.784
46.377,-30.218,112.714,72.048,-6.846,-4.342,7.281,-26.229,3.01,0.533,-21.52,17.869
43.277,-88.354,104.81,59.147,-34.847,-3.63,-9.653,-13.087,25.429,-9.53,-14.042,-7.128
43.762,-49.388,62.117,7.028,-9.521,35.288,-30.104,-9.996,49.309,-36.892,-6.215,-4.525
41.32,-93.592,68.161,27.57,-25.822,19.581,-13.226,-20.726,49.868,6.671,-11.514,-7.097
44.729,-6.349,100.092,-85.889,-14.44,14.895,-5.341,65.242,24.059,-5.384,11.939,9.384
46.353,13.786,74.216,37.788,-28.893,2.36,-15.715,1.39,-24.005,-9.116,-14.525,-20.69
45.992,5.506,100.509,-12.337,-8.648,29.566,-9.121,33.705,-14.34,-8.555,11.521,-22.841
48.819,38.785,79.421,26.879,-18.845,5.268,-19.881,8.708,-0.616,-10.221,-1.649,-27.028
49.263,76.091,88.27,-7.746,0.687,16.778,-10.47,24.655,-12.308,-22.008,15.368,-17.882
47.921,78.85,81.653,47.573,-12.656,-9.992,-37.764,-44.703,-13.808,15.256,-4.139,-30.812
45.024,-11.844,87.068,35.929,-71.607,-14.991,-16.763,1.17,28.01,26.6,-0.135,0.005
42.557,-15.331,101.166,8.291,-84.53,-10.644,-32.428,-14.095,46.42,9.132,2.529,-1.007
43.343,-0.803,84.073,-21.966,-57.403,12.265,-31.522,22.984,42.125,-15.266,-22.116,1.071
42.5,-12.672,99.557,8.171,-92.698,-6.95,-30.961,-6.911,37.918,22.803,0.681,10.248
42.539,-36.37,67.813,28.759,-89.163,-15.678,-27.689,-12.386,33.84,6.946,0.369,3.107
41.294,14.83,130.583,5.818,-88.161,-3.534,-28.906,-17.548,48.632,-5.07,11.92,-4.868
42.841,-3.255,117.949,13.744,-86.422,-14.917,-41.471,-17.002,36.169,0.641,-6.036,-12.088
44.922,23.6,34.939,48.369,-57.486,-22.479,-31.614,-12.22,21.137,-15.826,-8.948,-4.977
47.56,53.146,23.797,9.408,3.348,25.199,-27.71,-0.884,14.37,-5.815,-6.819,-17.64
45.968,39.227,52.419,-86.668,5.039,8.404,-33.203,8.773,-3.347,-0.337,-1.466,13.225
49.23,67.238,23.527,6.951,3.94,-10.245,-24.882,23.12,0.188,-11.694,11.694,26.396
48.081,66.415,33.485,-0.122,12.052,17.334,-37.33,-23.949,-1.207,-6.465,-3.353,-0.941
47.189,59.964,26.854,-28.516,1.33,-4.704,-33.01,31.541,-0.05,-4.664,12.024,9.276
49.272,89.679,4.499,-8.873,17.524,-32.125,-17.74,38.651,2.396,12.948,10.233,4.701
48.647,49.492,30.056,6.916,24.052,-1.822,-33.729,-7.71,13.902,5.346,-1.595,20.068
45.441,13.067,8.379,13.302,-6.918,-37.667,-12.975,10.041,-11.367,3.305,-4.842,0.731
47.227,19.207,20.079,-36.14,-29.882,3.059,-22.443,-8.598,-13.171,2.146,19.544,11.366
47.963,33.912,18.467,11.586,-26.841,-31.366,-17.496,-8.638,11.516,-6.727,-13.075,7.784
47.866,44.729,34.487,1.64,-2.03,-5.117,-24.951,-27.784,-10.665,6.03,-2.381,5.403
46.275,43.456,25.891,-8.474,25.323,-16.407,-25.589,-19.23,25.817,-13.931,4.679,-12.103
46.061,57.718,24.513,29.501,1.545,-11.631,-1.987,3.372,17.918,18.29,-0.09,-15.199
43.236,48.256,27.976,6.856,-11.437,-4.614,-10.964,-23.696,4.992,4.467,-5.175,-11.578
45.127,45.1,31.138,-2.895,5.854,50.157,-19.775,0.161,15.969,-16.883,-31.698,-14.532
47.466,50.685,45.824,-48.697,18.263,6.451,-14.408,12.217,-9.657,-11.154,15.695,31.261
48.978,69.932,25.372,13.889,-10.964,-18.739,-21.288,23.871,-7.941,-5.384,10.405,15.686
48.446,74.358,41.41,19.275,18.577,4.015,-38.918,-14.775,-4.345,9.365,-12.046,4.166
47.12,73.06,17.583,-40.508,-10.319,-7.355,-35.705,15.851,-2.311,-0.406,13.484,11.136
49.349,97.314,14.383,1.132,14.448,-26.714,-16.873,29.58,-8.617,15.354,-3.249,8.01
47.293,36.677,17.79,59.063,23.617,-30.623,-21.581,-10.427,6.914,-2.945,-25.195,12.568
46.403,50.966,21.624,-46.19,-0.527,30.403,-5.438,-7.446,-13.754,0.174,16.357,-2.059
47.827,35.523,8.295,16.415,-25.889,-1.817,-15.946,-12.151,5.052,-8.762,4.705,7.831
47.558,43.3,42.741,-19.39,-12.819,-6.985,-24.57,-15.841,-10.697,11.673,10.082,7.36
47.053,17.366,37.468,18.064,6.054,-49.099,-26.818,-7.176,-6.746,3.413,-5.158,-2.484
45.294,33.837,31.654,4.366,17.839,-22.208,-35.027,-30.659,3.044,12.692,1.896,0.491
46.311,52.659,20.131,26.184,-4.089,-35.903,-18.819,6.237,16.091,8.554,-9.949,-3.546
43.031,62.822,33.684,4.142,-2.538,-19.911,-14.426,-16.748,-4.312,14.947,-2.244,-7.424
45.21,36.44,22.668,1.315,7.706,19.095,-32.857,-3.444,5.231,0.525,-21.921,-21.957
47.879,45.941,35.709,-37.753,5.743,10.244,-32.835,-5.233,-2.791,2.578,3.653,19.921
48.948,79.724,8.87,-2.669,-4.223,-9.186,-32.321,14.966,-2.94,-3.794,7.807,4.848
49.19,78.626,46.214,-4.635,17.709,10.771,-42.02,-16.566,1.555,8.451,-4.733,-7.954
47.294,25.46,36.236,14.455,6.871,-30.382,-41.289,-21.169,12.784,19.093,-2.969,-1.093
47.308,72.357,47.014,-16.097,5.759,-18.268,-28.954,31.459,-3.553,-17.53,13.294,19.506
49.692,83.302,8.126,7.101,16.072,-39.45,-24.99,32.441,-3.932,19.958,13.201,3.864
47.159,44.711,5.153,37.76,29.574,-1.563,-18.083,-17.187,-2.431,26.3,-16.595,4.419
46.015,44.416,39.136,-46.531,7.488,18.488,-26.856,-3.604,-26.306,-2.884,17.005,9.046
48.024,24.536,6.996,-6.781,-21.346,-5.811,-25.481,-5.864,9.905,-6.896,-7.931,9.609
46.965,64.815,51.071,-16.845,-11.045,3.099,-32.461,2.878,-6.57,0.721,0.573,9.042
46.684,95.64,32.136,-20.038,16.833,-16.203,-17.035,-2.893,-8.001,-1.311,4.979,5.125
48.635,51.867,36.727,5.936,1.997,-4.269,-5.113,-13.512,5.625,15.689,10.054,7.367
46.98,80.294,56.66,-40.701,23.716,-12.272,3.878,25.741,4.14,-19.041,-4.871,-15.369
47.305,7.543,37.338,20.018,-3.376,-32.569,-23.153,-4.717,6.596,17.614,0.647,-11.153
48.96,44.939,14.723,31.584,0.505,-5.2,-34.189,-10.444,-7.037,0.235,-10.365,-7.012
43.091,4.872,40.466,-6.72,-24.897,24.461,-27.583,14.838,7.795,-7.81,-14.286,10.513
41.692,56.403,69.058,-10.894,5.382,-15.625,7.661,-4.923,-22.37,3.033,30.498,3.01
44.225,46.941,-1.362,61.421,-5.632,-6.294,-13.199,11.939,4.612,8.312,-17.643,8.005
41.798,77.772,60.14,-14.325,29.602,32.507,17.017,-20.843,-5.84,9.437,23.173,6.4
40.487,-1.9,-24.217,103.866,-7.805,-26.504,-12.556,-15.057,3.823,-1.082,-30.811,3.37
40.996,65.808,54.233,-59.705,33.064,54.915,26.901,-21.719,-1.079,14.324,3.231,4.32
44.683,46.824,6.589,60.627,10.222,-10.061,-19.379,8.718,7.497,-12.587,-8.822,1.66
44.913,73.581,62.594,-18.726,1.399,24.294,14.425,6.547,13.636,1.175,21.622,5.918
44.809,36.556,42.597,30.081,-18.881,-22.188,9.232,-6.984,16.859,13.168,-6.831,-2.695
44.833,134.307,47.401,-48.397,13.59,-13.179,0.299,29.484,48.785,-27.598,11.365,-8.378
47.264,112.91,-14.287,-6.165,9.398,-29.781,-27.388,7.253,-2.308,5.979,-0.539,7.923
48.143,48.857,29.747,20.935,0.931,4.031,-19.144,-5.934,-1.385,21.865,-2.931,4.926
46.166,88.325,43.277,-65.382,37.491,5.052,7.853,10.497,4.792,-14.512,7.906,-4.081
49.02,16.351,46.153,12.948,-8.414,-17.175,-24.236,-15.701,5.744,-7.233,-3.409,10.66
45.752,42.352,60.241,-12.655,36.411,-32.251,-16.739,15.976,14.78,-15.563,8.354,-18.823
48.495,44.249,28.458,-3.465,20.453,11.123,-36.489,0.975,-3.877,1.518,-17.279,4.025
47.432,39.889,31.061,9.545,-22.507,-15.851,-19.067,16.987,7.492,-10.677,5.355,24.149
45.041,90.824,85.186,-5.025,-2.18,-11.084,-0.336,27.958,12.899,-22.162,22.718,28.887
44.787,69.185,2.431,55.544,2.878,-7.279,-21.075,-3.544,-4.665,15.309,-27.921,5.745
42.91,120.555,80.049,-47.734,27.279,29.136,-6.272,-5.063,-13.416,6.602,20.392,4.272
45.118,71.504,83.082,49.595,-25.921,-5.463,7.069,-1.915,-27.648,17.686,-11.634,7.221
48.391,120.675,88.801,8.034,-0.893,-2.505,11.903,8.014,-21.902,2.748,20.496,17.938
47.773,56.512,67.652,44.709,7.062,-35.749,2.613,0.422,-6.671,-5.618,4.268,13.205
45.233,49.739,91.1,2.114,29.908,8.429,49.009,9.653,-4.047,-11.909,9.912,31.412
47.234,-6.396,37.393,21.247,14.571,-42.754,22.893,-6.499,21.059,4.758,17.356,7.438
49.18,37.628,115.358,26.59,14.517,-13.166,-1.092,-14.615,-4.572,-19.726,14.876,4.438
48.18,1.169,93.365,41.338,-25.969,-31.695,1.212,-4.468,1.777,-10.213,-6.675,-12.485
48.798,20.383,91.29,21.323,-3.837,-11.23,-1.068,3.432,20.771,-23.77,9.225,-11.782
48.42,11.605,114.991,22.166,-2.527,2.494,-3.075,7.01,11.289,-17.144,-7.609,-31.247
49.5,48.826,98.219,21.925,1.864,7.886,-24.041,-0.658,2.043,-29.285,12.358,-23.018
49.167,72.663,85.689,1.423,-16.231,-13.102,-16.165,5.478,-11.96,-32.194,15.595,-47.126
49.101,55.787,70.728,15.454,-2.751,-25.591,-31.902,-5.788,-3.666,-0.31,-6.229,-19.451
47.215,12.968,68.435,32.075,-9.851,-24.873,-12.606,-6.201,29.356,-5.004,0.993,0.706
46.26,-39.167,85.685,57.511,-3.991,11.707,10.727,-16.52,30.178,-17.542,-14.123,27.493
40.234,-103.352,107.657,26.46,-30.579,-35.434,-30.683,-29.223,39.499,20.559,6.72,1.664
43.966,-11.429,72.167,-19.326,4.447,28.292,-35.058,24.522,49.717,-17.83,10.085,-11.359
42.587,-78.274,98.431,31.631,-29.934,-5.091,-36.382,-35.219,41.639,37.145,-10.918,8.255
41.208,-92.318,96.28,29.788,-30.009,13.209,-34.27,-14.761,50.517,6.498,-13.592,-6.283
45.367,5.407,96.68,-49.557,-1.303,31.07,-25.014,53.512,39.324,-31.554,2.01,8.319
46.651,15.825,85.604,36.149,-15.161,7.261,-19.806,2.424,-18.726,-14.185,-9.129,-17.976
44.437,-37.373,121.295,-23.578,-12.244,17.948,-24.883,38.614,-6.798,-8.612,17.474,-17.69
48.249,38.552,79.313,33.625,-11.071,14.717,-22.584,-13.068,-13.207,-8.613,-11.264,-14.97
47.733,64.849,123.056,-2.076,-4.302,30.539,-20.601,23.005,-6.527,-42.176,8.834,-26.914
45.891,-23.267,117.616,29.198,-63.242,-30.284,-47.057,1.107,9.098,-3.628,7.935,-37.531
45.207,-47.596,88.34,32.884,-69.643,-23.615,-7.295,13.967,40.018,12.32,11.233,11.64
41.868,-15.608,106.494,6.405,-88.328,10.35,-30.152,-4.68,50.027,-1.378,8.832,-5.062
45.051,24.622,37.511,20.855,-37.504,-27.726,-25.752,-6.099,29.86,-3.878,-9.362,-7.889
41.512,-16.447,104.067,21.156,-83.512,9.198,-28.095,-14.11,29.077,7.961,7.592,14.465
40.819,-43.204,47.817,18.058,-83.798,-10.931,-31.837,-10.732,39.665,14.119,3.14,-3.43
40.218,-33.868,91.986,-4.429,-102.272,4.183,-18.637,6.722,50.11,11.486,6.855,-7.121
41.073,-10.094,111.016,5.462,-97.449,-13.11,-20.235,-15.546,31.297,13.215,-1.221,-24.266
45.568,26.827,39.777,16.536,-47.161,-16.079,-12.224,11.347,17.084,-1.68,11.793,-10.086
43.958,-9.069,118.076,-0.369,-37.669,-7.344,-2.64,2.703,27.98,6.904,-0.243,-12.423
47.866,32.94,31.593,13.24,13.106,4.883,-26.104,1.616,12.357,-2.123,-4.924,-19.812
47.756,40.17,56.134,-52.016,12.242,28.189,-19.765,12.891,-13.267,-3.625,5.137,13.284
49.449,73.971,30.102,-8.877,14.411,-8.901,-35.67,11.36,-3.247,-7.056,-0.506,4.665
47.839,67.756,30.961,-1.822,7.056,19.234,-43.423,-32.824,5.378,-2.235,-5.406,-6.773
47.74,66.362,49.713,-8.143,11.534,-21.427,-44.324,30.606,-25.13,-5.601,13.277,18.512
48.918,103.744,20.912,-21.202,30.659,-16.44,-4.277,20.392,-19.47,17.585,0.222,8.126
48.704,49.847,24.924,-3.147,32.69,-12.294,-16.327,-10.459,-0.354,18.007,-4.805,22.645
45.861,18.001,10.29,25.153,-1.445,-39.586,-10.302,8.786,-21.545,-9.805,-0.157,14.802
46.926,30.559,21.302,-36.556,-6.038,4.751,-10.921,-7.498,-18.846,3.903,26.749,4.258
47.912,23.042,-8.274,11.256,-27.763,-19.848,-25.562,-8.979,4.979,-6.647,0.987,13.433
46.824,42.673,42.465,-45.23,-5.102,19.064,-22.136,-12.701,1.846,-21.048,11.474,5.195
47.145,4.969,37.889,13.517,-5.018,-35.403,-29.37,-15.505,-3.577,9.114,2.003,-2.264
46.387,32.766,25.396,6.58,22.391,-27.632,-20.888,-45.468,3.374,5.173,-1.694,-9.35
45.543,42.188,24.805,-3.887,13.312,-3.704,-10.298,7.178,23.681,-20.397,-11.746,-9.009
44.205,70.157,19.952,-5.337,-6.325,-6.351,-10.098,-7.595,-8.059,-13.368,-6.291,-5.499
45.654,39.152,40.709,-9.946,-5.953,23.371,-29.76,-8.1,11.829,3.926,-28.681,-13.554
46.367,54.694,49.376,-72.601,18.607,15.652,-21.837,12.968,-14.017,9.356,3.736,8.243
49.287,91.621,19.598,5.084,24.897,-1.048,-23.321,6.249,-8.139,-1.269,1.865,-2.599
49.022,80.727,38.071,-4.37,23.907,19.459,-25.395,-26.47,0.167,-23.83,7.654,-14.951
48.109,48.774,41.675,-18.823,24.629,-13.247,-31.366,-3.339,13.365,2.8,0.28,5.448
48.755,84.777,66.043,17.604,29.607,-12.039,-49.185,14.566,-2.758,4.775,-3.75,9.653
49.529,88.333,12.252,2.267,16.381,-27.709,-16.684,36.72,-15.998,-4.923,15.756,7.2
48.274,49.444,14.502,-8.491,33.135,-3.845,-22.563,-8.446,7.149,20.357,-15.42,22.586
45.224,23.105,20.903,14.744,0.644,-34.017,0.397,18.731,0.585,-17.325,-2.668,-5.981
45.628,36.334,30.802,-40.105,-9.083,13.567,-25.853,-11.9,-25.013,-6.25,6.011,7.884
48.0,64.835,15.285,-10.95,-4.228,-18.607,-9.962,27.579,11.02,-25.547,9.725,3.812
47.489,37.902,41.401,-18.846,6.78,-5.306,-2.712,2.377,15.348,-1.064,16.855,-3.321
46.873,13.962,41.886,6.157,-15.114,-34.834,-4.628,0.192,10.648,-0.482,-4.544,3.573
45.985,43.878,23.916,-3.581,18.64,-34.139,-27.788,-21.558,-14.567,14.962,4.317,-1.187
47.026,45.238,18.799,17.89,4.047,-14.482,-30.1,2.556,16.611,8.605,1.722,-5.851
43.601,69.902,30.047,-20.841,3.88,-7.165,-4.932,9.937,10.67,-11.983,-1.328,-8.702
46.82,47.411,27.565,39.674,4.839,-2.247,-35.546,-6.131,8.54,17.776,-14.132,-19.763
47.363,48.29,34.303,-46.794,30.921,9.942,-26.752,4.811,-9.602,13.207,21.43,18.751
49.157,81.702,17.76,-3.73,0.804,-3.335,-44.944,21.145,-7.153,-4.046,9.378,-6.161
49.04,88.163,30.768,2.553,10.187,12.212,-36.433,-22.276,0.653,4.791,3.093,4.148
48.614,73.632,17.617,-10.074,11.319,-27.293,-47.177,9.291,-29.11,3.656,4.166,9.749
49.752,83.794,11.951,-5.619,16.748,-35.578,-28.144,36.497,-9.621,7.132,7.155,-1.278
47.606,52.612,5.378,15.937,22.661,-1.735,-22.912,-18.576,-3.311,19.493,-17.595,12.959
46.49,53.415,45.434,-57.213,-2.338,22.433,-14.68,-2.021,-18.292,-10.306,2.267,6.645
48.076,35.902,6.374,9.602,-27.059,-18.892,-16.023,-10.0,-2.146,-5.574,-4.415,4.165
46.722,59.304,47.952,2.947,6.838,11.393,-33.985,-24.402,2.135,9.492,-8.933,9.126
47.684,50.229,33.783,-5.118,22.659,-18.628,-28.773,-16.19,-13.908,16.848,10.077,6.942
48.854,30.607,12.271,6.196,-1.954,-38.786,-36.687,-14.13,-7.344,1.783,-7.173,31.265
47.886,21.026,65.427,-9.099,17.099,-23.023,-17.789,-0.507,33.621,7.612,8.542,-0.912
48.163,26.51,66.565,24.124,4.786,-32.425,-1.287,-9.52,31.449,1.224,-0.062,-12.799
46.567,-8.998,56.294,7.858,7.622,-13.646,-22.966,-24.526,16.914,-8.442,-4.27,-16.424
46.833,-12.163,68.762,-24.676,3.74,-22.562,-13.204,9.601,27.477,-1.101,-14.335,9.914
44.417,39.82,33.482,20.735,15.588,-33.643,-18.824,-21.747,19.721,-3.431,-0.609,-19.748
44.347,18.291,43.43,29.923,-27.317,-9.056,-7.564,5.237,28.956,-9.696,-9.287,-9.372
41.815,48.999,72.833,-7.374,21.58,10.019,17.489,-0.098,12.799,-39.207,24.415,1.844
43.814,42.019,18.922,37.686,6.397,14.229,-15.795,6.041,8.359,-2.99,-12.891,0.104
42.128,53.028,80.538,-28.666,40.671,39.255,2.911,18.07,10.665,-34.375,3.45,8.982
40.643,6.928,-14.795,87.872,-8.545,-11.03,-8.859,7.178,15.19,-11.802,-35.158,2.322
38.67,37.047,76.189,-110.505,37.107,61.997,21.884,-8.927,3.344,-16.372,-14.934,8.258
43.575,45.453,35.224,26.084,15.829,18.102,-17.211,27.248,7.605,-11.195,-24.828,15.773
44.043,59.927,71.835,-41.762,11.062,51.202,-0.907,19.755,8.226,-0.92,15.162,-5.771
44.88,34.266,42.465,13.582,-12.976,-35.535,-10.217,9.06,9.769,4.973,4.372,-3.716
46.101,70.478,16.022,-38.135,35.03,-8.87,-22.304,-32.795,-3.337,20.157,-7.564,7.643
48.296,44.683,-11.432,-2.175,31.704,-16.216,-32.529,-10.909,6.832,7.956,-4.612,5.084
49.176,53.014,55.535,-14.745,49.47,-12.225,-0.974,-13.043,26.501,6.906,3.982,4.459
49.394,25.837,60.732,11.317,15.97,-25.056,-13.545,-5.106,36.058,4.167,2.35,-8.453
48.434,15.251,52.049,-7.231,14.452,6.067,-24.804,-4.021,15.664,-4.812,-1.609,3.57
45.748,12.35,26.214,-4.043,5.629,-31.129,-20.977,7.014,16.266,15.382,5.074,-8.613
46.008,37.132,57.123,33.501,-22.951,-14.85,-8.377,24.5,15.87,3.074,0.91,1.075
43.875,91.762,85.374,-21.71,17.205,-14.538,-2.385,9.169,-2.768,16.375,15.118,10.103
44.488,51.316,21.604,67.461,16.3,4.934,-0.181,14.28,11.647,10.709,-24.717,11.61
43.609,95.224,68.279,-25.017,30.657,32.171,6.704,5.97,7.516,24.824,30.103,16.517
45.088,37.236,67.091,33.564,-22.234,-18.359,20.165,13.558,-13.742,4.995,5.48,-4.284
47.314,110.297,97.911,-14.1,24.457,4.957,32.846,-2.542,-24.231,2.257,8.793,13.828
47.584,59.21,72.075,50.128,8.746,-39.961,7.433,7.027,-4.671,-1.691,-2.351,6.255
45.663,78.041,73.341,12.34,45.08,-15.38,51.703,-7.367,-14.385,-21.885,8.691,20.177
46.548,-6.086,59.279,4.276,10.202,-13.131,18.23,-13.801,14.49,0.393,-0.506,0.126
49.618,79.406,103.237,22.956,34.979,-5.222,-2.238,5.354,9.087,-11.185,17.413,2.182
47.83,12.697,95.5,47.5,-8.961,-10.559,-2.582,-18.818,-11.668,-1.542,-12.776,-17.049
49.666,51.793,81.712,19.311,9.961,-28.128,-14.479,-2.099,7.006,-15.149,6.015,-3.959
48.844,19.746,92.496,41.535,-13.769,-4.642,17.269,5.615,2.994,-20.433,-1.998,-20.67
49.653,56.423,82.954,21.985,-9.483,-2.085,-11.413,6.634,12.007,-14.654,15.25,-29.553
49.527,51.645,98.676,-10.965,-18.98,-15.319,-21.09,29.587,-1.273,-33.016,16.085,-52.304
49.803,54.628,78.991,21.368,0.949,-34.914,-21.665,-8.072,-5.71,2.828,3.419,-30.305
48.155,26.883,56.391,17.997,-8.618,-33.389,-28.596,-12.443,20.504,5.089,1.694,-0.611
45.279,-49.837,95.987,42.336,-10.157,3.64,3.205,-2.314,42.336,-2.428,-24.217,22.841
45.358,-9.171,63.633,7.275,8.371,29.394,-9.056,15.55,47.15,-16.639,3.922,-4.08
41.908,-80.19,87.411,15.998,-12.919,-0.532,-28.48,-22.299,39.509,26.375,0.369,-10.502
41.755,-93.15,51.511,34.124,-13.401,12.309,-11.271,-22.111,40.486,3.186,3.268,-6.506
48.637,51.571,92.275,18.756,12.737,9.578,-8.291,9.315,2.541,-45.09,26.493,5.288
46.646,17.408,83.991,41.266,-16.758,3.604,-32.77,5.452,-24.997,-8.346,-22.52,-10.213
45.46,-21.96,113.74,-20.65,-29.047,1.334,0.891,47.532,-22.525,20.183,19.623,-23.473
48.111,40.45,80.321,32.1,-24.247,10.516,-13.226,16.779,-11.174,-9.144,-2.049,-28.748
48.384,65.093,111.574,-2.87,-16.464,11.438,-16.793,35.95,-10.512,-20.919,9.023,-27.093
46.398,15.676,70.311,39.43,-35.137,-31.14,-37.771,-5.621,15.128,16.023,-4.355,-21.035
45.552,-17.843,105.15,13.709,-37.555,-9.68,5.569,6.265,24.863,15.819,-4.874,7.963
43.957,15.254,122.29,2.954,-34.972,-10.518,14.551,6.604,34.123,-11.9,12.756,22.133
45.844,24.061,89.938,8.418,-17.869,-1.103,-2.474,8.877,20.93,-17.701,-6.352,-5.073
43.792,-7.498,123.617,17.15,-37.351,-16.967,3.309,-4.298,30.471,16.529,-3.392,3.462
44.637,18.166,118.395,23.74,-36.906,-39.322,21.849,9.218,29.837,9.668,11.153,10.186
46.369,24.188,70.592,18.204,-27.233,-13.653,13.826,-5.982,24.331,7.087,1.494,-6.048
46.344,15.892,114.393,25.763,4.424,-7.781,19.129,10.994,19.882,6.34,8.1,18.585
48.358,25.812,39.282,38.942,29.587,-3.971,-18.394,0.837,12.276,3.489,-18.312,-7.886
46.082,37.654,41.569,-62.8,57.79,1.842,-3.474,-2.884,8.264,0.315,-9.265,21.045
48.278,47.85,42.087,-65.97,36.897,-12.225,-21.937,31.596,22.229,-3.377,13.594,22.739
49.86,77.125,66.992,-1.052,23.003,-16.841,-37.59,-0.766,7.213,-11.11,8.874,32.004
49.265,44.142,51.628,-14.851,14.617,-15.183,-16.351,11.169,9.912,-8.365,1.11,4.586
48.026,62.431,66.486,8.479,9.972,9.666,-6.12,-11.061,23.82,-7.353,10.266,4.366
48.905,40.848,47.574,20.043,1.828,-2.646,-5.731,2.6,23.794,3.315,0.901,39.238
48.729,62.877,50.019,-16.026,40.587,-11.937,-9.318,-5.876,3.154,11.347,19.931,11.273
48.375,26.696,1.345,20.698,3.439,-43.376,-31.591,5.606,19.928,8.103,-17.506,2.236
47.614,55.468,67.31,-14.217,33.618,-12.744,-6.958,2.859,14.572,2.59,14.37,17.796
48.192,47.18,51.865,16.071,16.573,-22.794,-7.998,1.006,15.647,1.397,-5.461,14.734
48.824,59.217,80.836,-14.926,14.116,5.587,-17.581,7.461,11.169,-27.794,-1.783,-3.303
48.188,3.29,37.69,4.025,11.677,8.922,-22.546,-5.734,17.413,-2.954,2.923,7.754
48.984,33.247,50.56,-4.857,25.677,-19.632,-5.207,1.507,40.632,-4.454,21.216,29.338
49.524,39.112,49.684,39.533,15.686,-29.648,-7.223,-4.824,16.801,0.047,-5.079,10.339
47.055,23.791,101.231,7.47,20.958,-15.836,-5.35,-8.153,28.84,8.33,15.55,0.666
48.635,40.372,71.011,15.755,20.473,-10.353,-17.308,15.028,17.434,-8.556,-10.812,5.359
48.964,28.523,80.482,-13.751,28.486,-10.437,-42.106,0.101,8.426,-4.628,19.144,34.708
49.802,73.814,50.157,-3.795,30.344,-8.033,-5.932,-5.526,5.627,-4.743,1.517,-4.179
48.506,30.387,75.336,-28.665,23.245,-7.924,-30.983,-14.241,20.961,21.395,4.336,-1.558
47.719,28.751,44.975,0.385,21.279,-23.876,-31.017,31.368,22.236,-0.351,-5.333,2.94
48.023,78.107,12.405,-15.517,-39.881,-23.446,-49.733,16.311,-16.975,-11.336,10.525,25.449
47.311,68.779,-1.545,1.92,-15.818,-19.533,-33.83,2.957,8.592,-8.034,-7.491,2.087
44.559,27.632,36.636,9.197,-20.159,12.97,-22.81,7.485,16.738,-2.917,-5.184,-2.927
46.782,30.186,70.866,-5.752,17.096,19.911,9.379,-5.282,-12.461,-13.65,10.67,1.836
47.569,18.976,70.605,7.808,14.59,-10.432,-8.344,-7.831,3.768,-12.031,-1.142,-8.262
46.531,20.202,69.774,32.764,20.296,-32.366,-10.866,-35.372,-21.896,17.106,-12.436,-24.759
47.805,21.725,75.938,7.889,18.856,14.593,0.962,-0.934,28.54,-4.786,-4.217,-1.974
45.415,11.8,90.267,-6.239,39.491,-14.102,-23.922,-10.833,60.164,28.233,-3.952,2.591
48.634,16.734,38.612,-14.143,31.765,12.269,-22.919,-2.142,19.907,-2.894,5.263,27.775
45.639,15.482,21.176,-27.737,65.805,-33.257,-30.865,-1.919,30.347,-2.721,9.082,6.479
48.671,37.274,72.019,-26.405,32.322,4.278,-15.534,-3.323,14.076,-12.292,3.745,14.3
48.544,92.696,67.477,6.012,45.266,-10.33,-13.851,-16.447,-1.864,-14.858,3.51,22.92
49.409,49.893,61.437,8.457,16.455,2.771,-19.675,-4.02,7.494,19.676,20.399,8.174
49.668,42.137,36.575,11.992,-2.257,-9.554,-24.657,-23.151,9.851,13.74,-16.747,7.131
46.079,84.297,-15.541,-11.676,50.924,-49.299,-9.531,6.452,-9.676,1.541,-8.811,-7.252
46.84,15.943,41.161,-28.086,20.143,2.641,-10.969,-23.504,1.778,34.69,-2.414,20.427
47.226,7.507,8.811,26.984,-9.466,-22.0,-16.369,13.389,28.879,-17.588,-7.16,3.866
47.321,23.078,49.046,-36.586,32.969,0.25,4.259,26.176,9.509,10.668,26.307,-4.783
48.775,55.083,5.959,0.08,28.265,-43.909,-25.439,15.695,13.543,-1.002,-15.12,-1.086
49.666,103.655,56.866,-16.634,43.237,20.257,-4.388,13.944,6.155,7.996,15.421,7.247
50.628,101.492,51.052,21.23,14.972,-29.847,-18.118,16.579,-4.076,20.07,-7.386,7.316
48.373,76.432,69.421,-7.503,7.998,-12.609,-23.416,-9.901,1.06,23.715,-1.993,10.17
46.831,69.144,23.227,70.66,-17.066,-28.122,-15.516,-31.818,27.453,-10.561,-30.556,-8.063
40.241,-40.493,49.168,46.295,-65.513,-30.96,-19.06,-14.021,46.748,16.278,6.253,-25.307
39.108,-48.229,33.737,48.461,-70.441,-8.74,-11.611,-17.271,39.862,5.365,17.783,-25.298
40.384,-0.105,18.408,-17.158,-19.46,0.091,-11.618,21.336,21.629,9.304,-4.29,-23.919
48.251,127.691,39.461,-36.438,38.536,-4.396,-47.421,50.594,0.934,20.86,21.809,0.522
49.544,121.856,22.869,-30.905,17.709,-29.118,-29.978,-2.247,-0.873,38.624,-2.413,18.551
50.713,120.25,44.661,-15.85,17.249,-36.084,-24.157,16.491,20.717,-15.038,10.466,6.218
50.884,107.961,14.358,-2.562,-3.054,-31.592,-51.634,-3.193,-0.144,-9.78,0.893,4.345
50.919,111.859,28.157,-15.457,13.489,-22.739,-26.348,5.072,11.661,-6.148,8.609,18.987
51.154,87.768,35.707,13.108,14.223,-17.051,-29.531,-34.34,8.161,4.266,-6.777,17.374
47.515,61.802,70.898,8.367,15.711,-11.94,-8.123,-5.615,1.143,-7.334,-5.805,5.475
45.002,57.481,86.182,23.458,-0.794,-25.345,34.213,-20.264,-19.395,-13.197,6.094,5.076
46.995,43.692,88.867,23.085,-12.179,-3.168,19.71,-14.283,-35.888,2.913,4.684,15.028
45.733,35.403,100.597,17.328,-36.729,-14.55,24.206,-5.187,-44.738,-15.376,7.629,7.659
47.847,53.639,96.154,32.342,-23.12,-10.525,4.22,-9.77,-42.168,3.411,0.295,-0.633
47.699,45.513,99.2,18.247,-17.861,-1.205,15.542,-10.031,-31.661,-20.316,5.466,-10.3
47.078,23.796,72.561,23.516,-9.541,-19.842,12.459,-17.487,-1.494,-5.661,9.89,-17.893
45.447,19.4,140.924,10.699,-7.318,-14.886,9.161,8.793,-22.058,-15.852,-3.812,-22.485
47.879,36.376,68.981,23.308,-6.828,-17.195,18.139,7.217,-5.414,-19.26,11.555,-5.494
47.916,43.099,87.012,14.334,8.486,0.131,33.927,3.07,-25.904,-15.903,-8.336,-15.294
47.965,-5.031,74.134,26.405,-24.755,-31.502,28.06,6.065,-10.879,-9.772,2.361,-10.299
47.623,40.481,90.887,25.941,5.41,-20.881,29.189,-13.223,-10.557,0.428,6.0,0.528
47.845,42.914,78.486,33.471,-18.894,-8.144,24.231,10.397,-13.842,-16.211,13.111,12.541
47.902,40.275,102.108,30.268,2.897,-25.874,39.206,-12.256,-34.123,6.376,11.237,12.979
48.327,36.345,88.51,28.629,-4.188,-13.083,35.507,17.283,-10.922,-3.202,3.634,14.268
47.412,68.45,102.431,17.254,4.909,-17.118,14.511,-2.343,-5.675,-16.308,2.244,-1.735
48.203,39.39,66.273,25.977,-6.384,-20.273,17.936,-14.857,-0.318,1.417,10.357,-1.856
47.657,22.214,100.695,19.587,12.826,-52.335,14.8,-10.431,5.479,22.213,-3.641,1.048
47.96,7.067,89.269,32.815,-22.655,-23.941,41.445,-10.141,-5.708,-16.661,9.248,0.64
46.372,51.21,120.548,27.342,-27.703,-10.149,28.284,-1.823,-45.94,-46.383,7.928,-14.871
47.634,26.128,103.702,24.481,-42.886,3.508,17.923,18.36,-27.998,-24.832,8.034,0.207
48.036,34.899,96.301,20.449,-43.592,-8.692,15.26,0.79,-46.397,-30.394,9.95,-15.625
47.776,15.676,79.349,9.385,-26.509,-8.888,13.666,11.893,0.766,-5.223,2.786,-3.504
46.91,27.34,127.924,17.206,-20.05,-15.706,9.549,6.088,-19.46,-8.213,3.695,-14.619
48.361,33.645,82.407,19.061,-25.295,-11.862,10.876,13.85,-16.082,-18.029,11.093,-3.262
48.154,40.824,89.43,20.036,0.212,-16.285,19.955,-1.811,-43.802,-29.94,-1.219,-18.094
47.447,6.259,69.311,43.585,-20.723,-44.507,31.093,-7.567,-34.489,-9.291,8.09,-0.687
47.256,55.291,94.988,19.994,-6.372,-11.894,40.131,-11.858,-30.675,-25.278,13.081,23.489
48.388,37.952,89.376,27.118,-5.09,-23.448,27.994,-2.023,1.86,-7.69,10.838,7.418
47.776,57.089,96.665,22.028,4.569,-9.252,48.606,-19.125,-22.978,7.639,3.215,24.614
47.819,28.333,101.715,28.896,-20.907,-10.462,38.811,9.004,-11.943,9.211,7.091,24.073
46.646,51.501,115.487,22.808,-9.065,-21.285,43.032,-9.183,-1.875,-11.319,8.675,39.362
47.999,55.277,106.967,26.545,13.339,-22.644,28.571,-10.282,-4.788,-3.059,9.45,10.964
48.415,56.522,61.491,25.046,-14.933,-23.028,17.293,-2.429,-8.789,-4.78,13.942,13.231
48.213,65.871,80.976,24.762,-16.289,-13.566,9.764,-15.307,-44.641,-10.131,4.223,-23.03
47.045,37.382,78.672,25.148,-41.073,0.243,21.698,21.994,-26.763,-24.14,-4.002,-8.278
46.019,51.738,104.488,27.292,-46.704,-5.779,-4.925,-10.54,-38.491,-25.94,3.674,-29.089
47.263,39.92,77.502,23.769,-37.574,15.553,-2.476,17.477,-35.362,-22.248,13.62,-20.678
47.232,47.447,96.44,5.122,-20.238,3.161,5.475,23.529,-33.411,-20.951,1.199,-23.26
46.86,31.43,88.708,11.558,-36.394,-20.493,-7.083,11.08,-30.509,-8.372,9.944,-20.885
48.096,37.666,57.008,21.613,-31.284,-21.395,7.155,9.585,-21.732,-20.798,10.144,-4.075
46.636,43.919,95.28,-4.874,-27.085,2.97,15.175,16.295,-40.376,-21.974,-14.017,-7.374
47.137,34.23,61.399,30.558,-35.015,-4.284,12.792,-5.974,-41.512,-12.137,-2.984,-10.53
46.729,67.392,99.981,22.075,-14.949,-9.976,41.682,-19.643,-34.824,-5.669,7.819,12.258
48.156,32.154,78.871,34.668,-0.329,-18.919,26.401,1.722,4.726,-6.679,6.75,-1.757
47.755,47.772,112.931,28.661,18.239,-25.16,44.087,-2.109,-26.845,-10.486,1.52,-3.071
47.761,17.527,86.488,17.235,-11.219,-25.704,21.95,7.722,5.948,-4.141,11.294,4.462
47.724,53.966,97.521,28.555,17.316,-25.131,38.662,-10.077,-30.435,-10.236,9.617,15.239
48.395,30.976,76.485,34.899,-10.858,-31.281,10.634,11.231,-16.562,4.131,4.183,6.567
47.486,35.823,107.409,-2.41,-0.667,-5.242,30.608,7.253,-7.727,-0.59,-0.622,9.147
48.798,11.896,96.11,30.208,3.188,-48.664,17.672,9.139,9.928,10.919,5.342,-1.155
49.423,18.929,89.012,22.814,-16.437,-8.86,6.484,-1.375,-0.835,-6.592,8.356,-24.524
46.879,12.545,115.813,22.813,-9.578,-18.88,3.586,-19.253,19.92,-9.989,-6.403,-30.863
46.379,-22.159,52.75,56.26,-19.282,-46.007,19.52,-34.099,27.414,16.821,-4.461,-18.813
43.414,-26.22,68.856,27.237,14.012,-19.443,26.38,-19.529,47.196,-15.642,-2.391,-17.371
46.199,11.021,31.631,29.935,32.609,-3.391,4.665,-11.133,28.538,-4.848,-5.57,-19.142
42.212,11.979,28.664,13.273,52.663,-10.887,6.945,-15.584,42.126,-27.578,1.463,-13.57
45.324,5.332,107.183,-15.183,3.804,17.556,33.94,17.78,2.392,-9.739,-2.422,1.855
46.408,34.385,84.121,18.482,35.976,-26.816,19.117,-21.657,0.662,-16.593,12.233,20.803
47.518,40.464,75.372,28.026,33.393,-24.546,12.474,8.197,8.221,-8.433,8.389,0.703
46.603,51.632,107.107,6.046,20.99,-23.958,27.485,11.468,-5.405,-6.596,19.576,15.864
48.228,26.862,93.19,21.911,-3.353,-21.688,23.746,-14.205,0.117,17.687,4.2,11.289
48.616,41.854,115.474,23.262,5.521,-18.355,34.915,-9.031,-1.869,1.924,1.839,20.698
48.618,44.065,101.889,20.801,-11.434,-9.25,33.991,3.545,-2.104,-12.986,-14.834,-1.212
47.538,4.941,117.565,16.692,-4.248,-29.909,29.741,-4.917,33.607,7.344,5.324,-6.221
48.847,16.526,103.068,32.737,-7.378,-23.443,-2.61,-6.065,-6.639,-4.698,7.01,-34.757
47.49,-13.954,112.0,36.47,-13.921,-7.637,18.279,-3.865,-1.194,-4.424,-4.136,-27.654
47.16,50.898,116.808,29.236,-4.721,-23.196,-12.702,-4.739,-15.726,-16.635,11.344,-7.615
48.492,24.791,95.678,47.601,-31.506,-5.834,16.363,-6.938,-26.577,-9.242,9.537,-9.419
45.564,64.585,101.813,15.302,28.908,-28.782,47.109,-7.865,-13.524,-5.316,3.745,6.788
47.518,45.058,82.47,37.122,-17.45,-23.686,7.186,20.779,-18.069,-5.085,15.998,2.758
46.752,11.443,67.343,20.167,-37.356,-47.648,12.948,34.564,-27.037,-1.359,5.364,-1.82
46.131,75.842,92.492,-2.419,0.6,-16.265,41.757,-11.261,-36.224,-11.723,1.91,4.921
47.599,41.722,76.148,21.873,13.253,-44.775,15.304,9.021,-6.662,-9.286,5.612,12.3
46.601,41.106,130.987,13.031,36.675,-16.919,20.341,9.033,18.702,-8.294,3.06,7.638
47.227,24.549,72.858,7.903,30.523,-8.133,27.591,-16.732,28.378,16.054,-5.369,7.49
46.183,9.492,86.731,10.233,8.123,-10.974,-2.307,-28.497,10.787,-2.027,3.203,20.765
47.85,6.086,97.445,46.235,-28.626,-18.332,-8.588,8.064,-9.719,-19.515,2.982,-30.68
45.79,-49.592,141.504,41.138,-25.045,-2.04,-17.784,0.746,-21.645,5.442,0.447,-26.613
45.52,-67.673,104.36,44.685,-45.703,9.363,-20.451,-18.367,-3.096,12.146,1.468,-47.507
44.19,-38.506,146.292,19.182,-40.839,7.248,-35.451,-23.346,-33.467,-16.617,8.22,-56.924
46.096,1.233,155.768,9.479,-8.088,-13.739,-26.65,-9.958,-18.101,-18.066,20.51,-44.674
48.686,18.738,97.06,33.821,-29.609,-18.572,-18.054,6.102,-4.664,-13.598,0.596,-23.559
46.41,0.89,143.658,30.467,-20.216,-14.975,-20.881,3.288,-40.689,4.006,-8.192,-33.599
43.419,-65.263,89.056,85.397,-36.969,-16.159,-11.92,-21.007,-13.647,9.524,-15.966,-8.106
45.556,9.806,40.447,21.585,2.21,-20.973,-20.741,-11.171,20.555,-7.733,-6.644,-6.626
43.08,-81.143,129.398,27.466,-5.764,2.322,-13.818,-12.493,14.965,6.673,6.216,28.681
42.58,-95.36,87.49,52.698,-21.058,-5.055,16.052,-15.749,17.81,-4.294,-10.617,20.5
39.859,-81.699,90.008,12.876,-16.429,-17.526,-36.09,-11.899,44.519,12.649,5.683,-24.383
44.087,-2.0,67.402,-7.009,16.051,30.907,-15.925,13.799,47.198,-12.013,9.892,-23.794
42.033,-108.005,100.517,28.361,-34.758,-24.928,-30.539,-20.334,52.452,29.955,-8.352,-6.929
41.557,-109.533,58.664,23.755,-22.043,6.053,-15.902,-19.863,47.286,5.71,-6.548,-5.976
41.656,-88.627,90.819,7.845,-12.157,3.317,7.395,-34.396,7.556,-16.705,8.043,9.912
45.123,-7.616,88.54,-3.336,-4.746,52.299,-18.988,2.851,-0.415,-44.98,-7.699,-12.084
43.03,-94.028,114.087,29.988,-48.105,16.716,-16.85,-11.607,-32.926,6.912,3.787,-30.042
43.957,-55.289,82.947,44.056,-57.512,30.947,-24.495,-6.158,-4.988,-9.065,-4.582,-62.735
41.848,-56.328,111.634,24.402,-64.428,21.13,-34.629,-7.764,-28.015,-11.222,-3.578,-59.262
46.46,12.157,94.32,36.256,-37.454,23.586,-31.593,8.213,-14.003,-29.711,22.844,-69.144
44.222,-31.54,102.004,16.968,-82.819,2.265,-71.301,0.777,3.458,15.924,3.061,-67.142
45.138,-10.72,115.687,-0.324,-43.605,2.602,16.575,34.282,27.363,-10.921,15.74,4.894
45.928,8.505,113.785,16.025,-35.858,-24.389,10.065,12.335,33.652,1.159,7.624,-3.884
46.671,25.527,84.737,24.75,-20.939,-22.018,5.245,5.656,23.261,1.483,13.438,-4.857
45.422,5.715,117.705,16.512,-23.564,-19.564,41.412,5.937,43.111,8.602,4.454,9.9
44.944,3.238,118.513,22.282,-10.267,-28.015,23.843,-2.528,40.988,20.457,5.884,5.238
44.498,2.12,118.404,3.748,-30.174,-30.373,41.348,16.991,39.023,4.22,3.872,-2.615
46.431,40.536,73.306,22.754,-21.02,-30.524,4.344,21.858,19.014,1.426,2.214,-21.128
43.721,21.159,116.982,19.313,-11.46,-18.278,7.838,-28.607,31.399,30.281,-9.281,-20.432
47.166,44.66,30.944,19.43,1.409,-4.383,-24.42,-14.05,18.509,-9.283,-21.291,-17.089
47.928,53.66,48.733,-21.852,-0.964,14.381,-28.455,19.932,-9.057,-3.183,27.525,25.614
49.475,82.063,17.259,-17.697,4.829,-13.185,-22.441,14.692,-2.919,-3.165,15.085,9.633
47.491,56.741,40.405,-8.925,7.365,19.956,-39.322,-26.164,3.706,-10.594,-10.39,-1.196
46.992,80.045,59.269,-25.247,-1.247,-0.669,-42.376,16.408,-21.772,6.408,4.772,9.007
48.72,88.043,7.881,-16.554,18.827,-20.539,-13.212,36.629,-14.174,13.664,7.581,-2.601
47.659,54.666,1.294,29.6,13.161,-7.889,-25.528,-10.666,-7.974,22.827,-22.365,14.576
44.994,44.211,54.01,-63.271,-20.328,2.926,-13.303,-14.89,-26.86,-0.693,9.865,15.106
47.38,26.064,29.664,9.429,-41.681,3.022,-19.394,-7.636,1.786,-2.718,-4.684,21.067
47.669,30.317,25.629,13.654,-12.401,8.751,-29.676,-24.867,-5.014,1.128,9.608,2.936
44.698,54.605,35.7,-1.41,15.515,-21.694,-43.618,19.389,9.035,-28.006,3.784,-21.01
47.26,23.565,37.226,0.515,8.758,7.905,-13.576,6.506,9.402,4.401,-8.026,0.512
45.382,5.767,5.51,5.186,7.109,-30.924,-46.862,-32.325,7.74,-12.154,16.746,-0.241
46.798,9.921,35.727,12.99,17.552,-9.52,-22.856,47.596,24.883,0.32,-3.86,-5.623
47.547,82.527,32.408,-18.004,12.0,8.52,-24.01,-9.59,-18.404,29.978,-2.822,22.478
48.756,66.914,33.531,-27.732,11.897,3.356,-34.205,4.877,-8.655,0.62,10.169,22.324
49.228,52.498,56.845,21.331,40.542,-30.027,-1.173,-12.899,32.246,-2.669,3.389,7.462
46.858,58.588,22.49,34.842,9.487,-29.821,-12.541,11.694,12.642,-6.552,-15.137,-16.997
49.169,96.584,35.33,-29.697,39.111,20.814,-43.634,-4.892,-14.3,-3.463,2.905,10.905
49.712,80.285,14.568,19.641,23.512,5.86,-23.025,-7.857,-1.07,-9.074,9.323,11.138
50.08,93.82,33.957,1.75,35.74,3.859,-25.482,-20.6,-31.568,8.148,-3.625,12.379
43.541,7.705,4.372,9.751,10.102,-16.408,-10.063,2.03,4.464,-2.473,3.171,-10.293
46.798,33.691,75.775,-20.795,53.059,5.107,2.419,5.375,11.611,23.685,9.8,14.195
47.646,47.863,51.477,9.662,-1.725,3.583,-11.427,14.313,14.332,-10.176,11.946,0.371
47.977,34.235,55.675,-27.752,15.548,3.489,-17.607,-9.012,1.372,-4.77,10.623,-0.384
47.76,-3.654,33.44,14.231,-2.422,-39.641,-27.58,-8.411,2.093,1.572,-5.992,0.256
46.162,45.48,24.234,-26.713,25.327,-19.307,-32.968,-34.971,9.339,-9.423,10.723,-20.049
47.227,51.349,30.146,10.755,7.967,-21.131,-21.617,8.713,12.293,-2.579,8.879,-11.326
45.738,61.593,27.365,5.427,7.691,-1.577,-24.829,-19.853,-1.198,-2.413,-11.237,-4.09
48.008,47.195,39.996,21.245,14.349,4.67,-44.05,-1.783,18.512,7.757,-17.004,-24.343
48.449,66.675,52.457,-22.626,7.487,1.965,-34.648,-3.197,-9.091,-15.838,17.046,14.043
50.02,61.118,19.14,8.924,11.051,-17.658,-42.379,2.776,-0.989,-2.832,-6.871,-2.256
48.751,77.827,29.421,-6.173,10.513,14.0,-50.285,-9.823,-0.142,9.459,3.297,-3.419
47.7,68.961,37.901,-23.059,16.766,16.633,-42.338,-25.274,-22.062,35.716,-12.599,11.093
48.667,88.218,16.318,-30.257,25.675,-11.724,-19.601,21.04,-13.97,12.055,-2.743,11.123
47.089,67.265,12.228,13.962,32.474,3.107,-13.559,-36.026,-12.246,15.903,-28.431,12.696
46.194,19.427,41.838,-41.678,-7.499,22.749,-16.285,-5.629,-13.429,0.384,4.069,18.132
47.594,20.607,11.589,21.453,-31.72,-16.049,-26.516,-5.016,5.15,-12.594,1.167,18.446
47.053,34.645,67.621,-33.617,24.711,24.004,-22.721,7.684,13.739,-11.868,12.927,6.602
47.777,23.682,54.02,-1.853,-2.447,-20.971,-21.417,-3.77,15.63,10.313,-4.099,4.653
46.476,49.49,42.417,-48.503,-5.81,7.979,-30.914,15.915,-6.773,-14.251,9.929,9.673
48.497,42.95,48.269,9.469,1.577,12.099,-12.628,7.416,6.026,10.256,4.423,1.164
48.015,121.062,48.257,-17.914,45.913,-22.228,-18.17,0.969,-27.825,0.129,1.518,-1.649
48.698,27.246,30.741,1.022,19.355,-11.474,-12.39,-8.395,-12.302,27.057,-13.772,1.954
45.4,67.135,54.865,-17.828,28.418,-27.056,-26.578,26.193,9.426,-17.429,3.796,-16.141
49.061,46.493,21.706,7.824,17.466,8.513,-38.51,1.171,-6.564,10.774,2.687,0.041
45.119,23.743,31.24,7.533,-27.171,6.467,-14.289,-3.029,11.341,-8.695,-14.409,13.186
41.761,55.369,47.28,-3.849,-12.679,-21.933,-5.539,-12.794,-14.7,6.053,15.016,11.455
43.13,42.236,22.03,34.209,-6.83,24.993,-0.322,13.279,-1.205,-2.066,-24.589,19.747
42.316,76.54,77.564,-3.226,20.821,21.829,-1.079,-8.786,-3.291,6.359,20.129,19.241
40.535,-15.045,5.963,92.465,-20.059,2.659,-11.66,-8.944,3.959,1.469,-33.13,4.098
36.636,36.67,77.941,-133.209,10.703,51.028,28.615,-8.768,1.909,-20.851,-9.463,7.261
43.813,55.779,2.334,51.87,5.966,-17.365,-30.499,23.314,-11.692,-3.4,-14.031,6.697
45.059,77.626,59.579,-22.107,14.945,27.405,4.238,13.413,-0.684,14.041,23.7,3.781
44.727,16.053,46.953,33.428,-27.821,-43.194,-18.559,3.332,-0.048,22.195,1.614,-2.655
46.316,50.079,26.743,-36.374,21.369,37.418,-30.046,18.542,0.589,-21.134,-2.607,6.562
48.541,42.83,27.932,12.756,11.66,32.381,-3.999,0.342,4.33,-0.296,-9.661,-2.419
47.406,115.598,34.908,-41.219,42.243,-14.84,-6.667,5.492,-16.099,-7.607,4.482,-12.419
49.997,45.741,27.451,-8.81,-5.348,-3.822,-22.465,-10.786,2.157,13.425,-4.148,12.662
46.701,43.737,39.459,-23.042,18.011,-32.471,-4.649,18.395,21.72,-23.374,13.951,-21.795
50.077,36.868,31.886,15.898,-2.285,-4.049,-34.661,5.191,-3.703,-4.445,0.715,2.916
46.243,32.583,42.193,-24.145,-16.483,10.607,-35.465,28.884,5.738,-10.72,1.447,5.172
44.175,57.386,2.269,60.721,-12.005,-18.388,-21.199,13.424,-7.986,18.139,-19.171,10.585
42.212,86.313,74.589,-39.962,6.562,17.025,0.569,0.041,-5.747,10.318,29.948,1.488
44.791,61.296,74.423,38.304,-27.562,1.49,17.023,8.13,-22.693,2.261,-2.93,5.589
47.284,96.505,89.881,-19.671,3.912,-11.065,1.004,15.046,-30.538,2.694,16.013,13.853
47.395,64.87,70.39,47.574,25.019,-16.42,-1.68,-2.208,-8.69,6.106,-15.157,9.509
44.329,61.025,91.824,20.188,11.996,-12.875,21.446,-4.411,-6.15,2.86,14.769,28.246
46.637,4.413,51.579,-7.24,3.696,-7.941,34.883,-9.995,4.745,9.099,7.641,18.405
46.477,-32.865,68.527,11.355,-6.683,-23.812,13.264,9.19,19.436,5.212,-5.84,21.076
48.466,38.248,87.448,16.477,-2.726,7.232,30.998,15.27,10.452,-33.262,6.688,20.203
47.254,6.538,106.048,20.126,-16.777,-3.483,-6.014,17.941,-10.711,-8.86,-9.923,-1.865
48.579,18.295,102.716,-4.059,-0.376,7.675,9.096,38.313,-4.82,-14.804,-1.62,-9.043
48.53,29.477,102.031,27.631,-4.811,5.689,0.541,-9.077,1.262,-16.131,-11.658,-12.252
48.094,54.103,100.979,7.187,-1.187,11.437,-13.412,15.573,6.296,-21.795,8.873,-23.013
48.278,27.489,102.94,-12.434,-20.632,-19.127,-27.854,46.131,-12.062,-11.797,11.993,-36.227
49.093,51.809,78.346,22.233,0.396,-22.083,-30.331,6.014,-14.54,12.99,-2.488,-7.038
47.04,39.112,59.581,19.555,-15.498,-28.346,-26.656,-11.59,16.07,0.462,-4.639,-8.02
46.176,-21.349,99.559,-6.564,-4.72,-10.895,4.149,43.449,10.972,1.053,19.332,32.081
45.185,-27.108,66.58,56.361,-15.764,-21.225,0.257,-14.982,14.767,4.964,-17.467,17.895
40.163,-86.464,101.086,15.589,-25.913,-9.11,-27.115,-9.258,48.177,-4.612,-2.139,-8.174
43.739,-20.236,74.248,-25.513,-5.55,40.87,-23.88,32.642,53.787,-36.239,-5.241,-5.313
42.033,-78.498,91.872,17.58,-20.216,-2.937,-25.815,-27.228,40.921,25.66,1.606,-7.515
41.544,-108.584,51.62,39.302,-43.183,-6.15,-8.788,-19.685,43.631,16.959,3.14,-11.367
44.062,-2.347,113.618,-84.225,7.196,22.497,-28.979,69.412,40.865,-36.777,19.153,-5.077
45.823,4.204,63.442,42.809,-27.56,0.895,-15.363,-4.115,-14.443,-7.625,-31.359,-14.872
46.213,-12.334,107.099,-8.875,-10.077,23.311,-0.275,33.103,-12.221,-9.48,29.47,-27.62
48.36,43.239,60.645,31.673,-18.624,15.648,-8.489,-1.828,-10.453,-8.341,-5.707,-5.579
48.072,57.982,92.682,-24.127,-4.283,27.349,-6.334,37.719,-1.074,-20.441,13.596,-30.308
48.022,95.029,86.114,30.805,-1.592,5.537,-22.551,-34.682,-12.418,-13.326,-16.01,-29.237
45.329,-26.888,84.405,29.491,-45.127,-29.532,4.323,13.227,41.031,12.575,-4.918,4.677
42.71,12.103,125.371,14.979,-44.828,-8.037,25.404,13.364,34.87,2.127,11.964,2.444
45.218,25.063,68.768,22.276,-26.298,-23.733,6.486,-11.708,18.511,-1.944,11.167,5.399
44.136,-1.567,98.553,32.211,-31.195,-17.533,23.945,21.581,31.283,13.434,2.705,23.354
42.682,-2.482,114.449,31.213,-33.16,-24.073,25.498,-18.234,41.944,25.592,-1.958,-2.799
45.266,18.712,45.798,29.476,-7.791,-22.196,-2.738,16.946,28.23,-7.493,-2.51,1.973
44.472,21.184,32.988,-43.33,-13.763,20.303,-31.547,21.34,16.295,-14.754,-0.109,-0.706
49.364,46.689,31.503,-12.239,43.446,-0.885,-11.079,24.744,14.859,4.12,1.199,-2.504
46.906,48.968,37.76,-4.224,72.483,-26.771,-31.204,16.721,31.854,21.751,1.986,34.601
48.65,24.668,54.81,-0.449,38.098,-6.779,-16.533,-16.045,15.746,18.463,4.179,9.0
46.492,-7.326,43.325,10.149,42.965,-25.648,-32.723,28.866,28.416,0.414,-7.696,17.898
46.246,42.46,56.971,-33.99,55.238,-9.439,-12.624,-37.977,23.634,14.444,-5.539,24.096
49.45,44.422,87.005,-0.65,37.89,-9.922,-17.205,-0.372,22.205,12.355,9.128,14.461
49.529,99.629,48.993,11.106,36.404,-27.349,-18.155,-28.862,25.866,-1.779,-15.353,16.597
47.669,18.249,29.267,35.107,-2.492,-8.901,-24.228,-1.747,7.305,-14.561,-16.532,17.854
45.07,104.44,-15.651,-49.286,-50.124,-10.625,-45.792,9.413,-28.602,-15.625,11.136,20.194
47.142,95.69,23.186,-33.395,-32.331,-22.335,-15.744,-4.985,-27.108,5.419,10.15,32.578
46.781,48.725,-20.617,32.809,-4.415,-4.894,-19.961,-21.887,-13.172,-12.625,-33.398,15.542
44.551,21.388,92.961,3.019,19.481,2.269,-12.558,-8.845,42.524,-15.076,5.124,-8.128
46.219,19.898,37.723,24.093,-20.262,-11.285,-24.446,-12.291,16.366,-1.636,-1.985,-5.051
47.789,74.638,108.364,-62.93,3.419,-4.6,-24.753,52.636,7.431,6.173,19.769,17.219
50.87,95.892,56.964,12.766,-2.434,-36.324,-6.637,-1.608,2.357,20.166,3.11,7.475
48.398,52.889,79.771,27.565,-14.239,-11.391,-23.393,-16.115,6.453,0.578,-8.675,5.243
47.21,0.881,49.942,23.691,17.071,14.325,-7.763,-6.851,26.678,3.609,5.536,-0.528
47.818,24.793,57.981,-43.437,32.727,-2.047,-28.695,3.514,16.211,5.636,12.946,13.129
49.892,32.705,23.621,3.176,6.16,-20.77,-38.257,-3.625,11.478,-0.631,1.529,4.469
47.7,28.425,30.142,-25.052,4.832,-21.308,-43.666,-16.291,23.77,7.416,5.256,9.035
48.475,-3.551,51.479,-3.42,-18.1,-44.032,-24.886,-9.501,29.354,9.333,-7.569,14.911
48.19,43.64,43.878,-27.164,15.813,-16.676,-49.887,-0.692,42.123,-1.085,9.447,8.818
49.135,29.284,85.208,-3.595,41.775,-12.209,-23.321,-2.112,13.489,12.276,-1.627,11.612
49.983,54.692,52.407,1.62,33.254,-29.956,-7.279,11.706,8.121,3.259,-1.019,0.838
48.46,25.586,61.583,31.489,11.529,-16.877,-29.985,-10.411,15.76,-2.982,-16.058,-4.873
43.373,101.728,-5.79,-19.51,41.273,-34.992,-5.662,27.832,3.995,-38.144,17.698,9.052
45.906,82.499,19.305,-53.183,-25.415,-6.446,-33.328,9.67,-14.656,20.984,11.311,18.92
47.355,34.591,-16.036,16.881,-20.034,-12.98,-46.527,-6.098,-5.568,9.198,-20.309,14.844
43.202,13.464,42.91,6.991,0.588,-17.945,-21.72,-5.695,11.148,9.62,19.058,0.11
44.016,27.87,53.837,6.529,1.961,7.655,-21.06,-11.213,19.013,-6.992,1.8,-8.143
46.737,33.211,86.436,-10.267,11.948,-5.416,-16.275,21.173,-20.475,-14.675,12.288,-6.042
47.774,57.882,67.352,16.897,23.856,-25.099,-6.671,-32.314,-6.875,3.974,-13.124,-7.417
45.389,30.482,89.658,12.465,15.794,-18.559,-3.991,-10.633,4.18,-1.793,1.889,-25.737
47.773,35.657,52.316,-3.779,21.668,2.08,-10.634,-29.287,0.443,18.325,-9.566,-4.754
46.617,23.38,61.687,-15.446,54.778,-39.004,-5.398,-8.26,40.057,37.375,8.539,0.148
48.78,42.939,51.3,-1.493,45.391,-17.4,-10.621,6.713,32.219,1.288,-1.341,12.74
48.715,19.204,47.579,0.775,22.536,-12.309,-14.946,-0.537,22.464,10.657,7.991,17.572
48.657,32.18,74.98,-19.526,35.304,-32.183,-22.187,0.638,42.476,3.105,16.487,25.771
49.908,32.486,48.34,-1.809,11.508,-19.771,-18.771,1.693,10.063,7.363,2.977,11.87
49.081,30.4,38.883,22.416,-4.756,-11.135,-16.326,-16.443,3.808,10.242,-18.171,15.644
45.294,52.407,23.534,-52.155,-5.274,-35.489,-11.961,-11.289,2.355,-26.068,22.541,-10.648
48.738,86.233,63.537,-20.601,-2.296,-24.106,-10.615,-2.766,-2.147,-6.07,2.187,1.228
47.729,53.199,-4.904,46.691,-8.544,-32.068,-33.275,-10.204,-1.776,3.186,-21.454,-4.719
44.438,97.762,19.18,-82.968,29.04,-3.306,-19.094,-32.422,-6.028,-6.353,15.431,11.899
46.985,75.565,-3.921,-5.276,8.38,-34.406,-39.266,-6.27,-9.477,7.62,-5.162,15.381
48.171,77.397,35.59,-27.072,18.502,-5.01,-23.499,7.268,-1.82,0.223,9.232,34.361
47.999,58.393,53.22,-17.128,-5.377,-12.642,-39.03,-17.563,-13.237,13.126,-2.523,11.716
49.163,77.268,31.427,15.264,-6.858,-8.245,-17.685,8.784,11.571,-2.04,-9.784,-1.115
43.889,127.987,20.949,-22.641,21.719,-36.245,-3.062,10.676,6.997,-10.292,-1.579,-26.809
44.662,58.813,39.622,-5.858,-11.873,2.633,-17.258,-38.796,-11.965,38.489,-24.884,-19.417
42.732,-18.704,21.464,-51.91,-34.034,-21.146,-53.923,1.845,10.05,16.03,8.887,9.317
45.164,9.802,35.927,23.335,-8.703,1.934,-41.74,-10.223,23.848,16.828,-15.206,-18.086
37.896,-33.289,58.939,-14.508,-46.379,-15.048,-22.394,-8.815,38.987,3.084,-5.605,-20.262
41.338,-14.498,71.949,-68.099,-13.233,5.238,-10.959,-2.145,17.831,2.317,-9.331,-23.638
43.644,127.427,35.944,-73.665,8.926,18.258,-17.541,36.646,56.532,-45.411,3.418,-30.633
49.323,99.399,10.712,-12.78,16.775,-31.113,-21.576,-11.774,14.817,24.138,8.557,9.69
48.858,129.262,48.335,-7.066,51.609,-22.218,-35.524,18.132,25.251,-9.524,1.023,35.401
49.143,123.051,52.416,-32.852,19.396,-25.369,-35.31,-4.069,12.882,16.563,1.978,17.41
49.47,95.422,30.182,-10.455,12.732,-9.936,-36.112,-9.13,2.955,-0.444,-20.319,11.652
48.791,121.957,45.303,-39.422,9.384,0.464,-19.872,8.783,34.009,-22.668,15.089,3.723
49.598,80.165,36.262,2.86,17.259,-11.835,-26.429,-23.215,-0.049,8.358,-4.523,32.618
47.168,38.826,34.936,37.188,14.664,-1.992,-19.55,-5.456,15.794,-3.193,2.813,4.819
42.79,49.028,28.62,15.468,-17.355,-18.96,-19.843,-22.227,13.596,1.971,-14.27,-15.458
45.753,66.102,50.749,14.15,14.942,65.134,-12.031,-22.619,28.121,-7.829,-1.004,-21.612
45.891,46.899,32.996,-43.316,31.643,-5.74,-29.539,12.437,-16.985,4.302,4.23,21.512
48.082,61.726,-11.362,39.356,15.88,-14.556,-49.39,-11.323,-20.877,-11.123,-21.129,-0.342
46.843,60.724,50.802,-32.72,12.592,7.907,-37.588,-14.952,-17.418,-6.246,14.155,-17.439
48.066,30.857,36.414,20.2,34.17,-29.69,-28.548,5.315,24.255,5.527,-5.535,1.864
45.333,70.568,12.479,-30.266,19.487,-16.88,-46.422,21.582,5.531,-3.932,-5.518,13.75
47.598,88.389,-6.904,8.725,24.216,-27.461,-32.084,45.843,-0.471,11.108,0.939,-0.63
45.424,45.777,-10.646,28.171,31.456,-12.985,-40.329,-7.803,-9.445,34.971,-25.104,8.123
44.806,35.455,0.93,-45.534,-13.324,15.137,-39.064,-3.767,-31.572,14.78,31.954,-3.15
47.159,36.365,-4.396,18.0,-27.409,-29.986,-39.559,-15.088,-3.056,9.023,-1.178,8.284
44.83,37.891,45.819,-31.068,-15.036,11.099,-26.01,-26.394,1.232,-2.756,-17.385,0.714
45.387,45.813,15.348,5.59,2.819,-29.524,-19.671,-28.524,-8.456,4.366,-1.961,0.129
45.699,71.642,19.706,12.209,0.744,14.574,-14.776,-15.236,5.199,19.597,-4.708,-7.818
43.169,65.277,26.933,11.27,-10.787,-6.968,-10.638,-28.43,9.232,-0.908,4.22,-14.428
45.993,46.995,48.867,-4.418,16.246,41.854,-28.121,-18.17,18.518,3.853,-5.118,-11.552
46.358,33.831,40.821,-30.994,18.668,-5.588,-45.228,23.214,-19.382,6.591,10.724,9.989
47.557,61.475,1.982,7.727,16.67,4.65,-30.106,-2.593,-10.91,-12.659,-19.309,1.372
46.974,75.219,54.475,-37.169,18.704,28.105,-34.842,-14.718,-11.489,6.399,24.805,-14.247
48.345,47.042,32.987,6.76,5.768,-43.839,-35.273,0.287,19.031,-1.336,-7.062,-1.378
45.928,98.942,-12.423,-7.695,25.81,-52.878,-66.5,16.46,-6.897,6.873,5.17,3.97
47.116,98.249,-16.984,-2.658,34.449,-9.589,-26.646,39.087,-5.641,32.438,-2.762,-0.542
45.598,61.332,0.751,-2.466,41.034,-0.285,-26.178,-26.027,-21.653,17.136,-26.352,20.816
44.262,34.475,22.254,-52.169,-21.712,2.648,-19.945,-9.045,-20.106,14.864,2.99,8.842
46.973,39.488,19.276,-14.426,-15.112,9.495,-56.164,-7.954,-9.632,-7.088,-20.313,6.336
45.958,32.592,26.981,-30.083,-10.706,-7.057,-24.65,-23.178,-13.917,-3.301,0.328,14.183
45.647,-7.234,31.166,10.056,-21.598,-32.742,-40.96,-26.447,10.522,9.537,-5.466,-0.788
44.965,17.031,19.698,-7.621,10.517,-19.588,-24.067,-36.314,3.811,4.829,14.985,-2.583
46.679,50.8,11.264,20.561,-1.672,-23.244,-11.737,0.082,5.754,-3.093,-3.642,-6.058
43.363,55.837,12.86,-13.43,9.727,11.623,-28.11,-15.442,5.013,-26.634,-2.122,-18.23
45.92,38.544,50.131,-8.68,8.153,42.285,-27.489,-17.137,25.214,-4.393,-14.809,-10.818
45.547,26.492,41.508,-35.614,30.214,0.891,-47.294,-14.406,-12.849,2.62,-12.31,25.544
47.83,57.244,-18.421,26.408,9.728,-10.304,-48.496,-6.983,-23.894,-11.677,-12.632,-5.651
47.72,83.581,56.448,-32.981,30.156,13.586,-50.266,-17.572,-19.915,-7.527,17.829,-18.888
49.302,57.685,36.712,3.679,17.276,-38.225,-16.196,2.728,16.47,8.952,-4.587,15.184
46.446,91.615,11.459,-13.868,22.768,-13.69,-53.16,-5.264,11.832,1.493,-12.279,19.863
47.44,91.897,-11.478,-9.799,33.968,1.401,-23.285,30.611,1.195,16.72,-14.997,2.725
44.753,60.024,-10.091,-14.812,52.583,11.493,-18.593,-23.665,-17.298,30.154,-41.293,13.325
44.273,27.172,21.851,-52.099,-0.743,31.692,-42.41,-1.341,-24.926,8.646,17.233,-12.286
47.071,34.297,-2.155,-2.199,-14.763,-10.578,-47.206,-20.531,-11.492,0.467,-7.418,11.735
46.672,56.097,37.974,-48.499,-4.473,26.708,-38.162,-8.571,9.778,-16.585,1.06,-10.159
45.874,6.213,31.022,15.763,-21.846,-39.154,-43.051,-19.721,9.953,4.812,-5.985,-1.527
44.685,144.381,19.657,-32.535,0.616,-26.15,-43.114,14.791,20.871,-30.625,13.154,-14.758
45.92,91.554,18.935,-17.941,11.256,-6.683,-48.349,18.187,-8.329,12.746,-10.776,-4.718
46.904,41.765,34.869,-11.109,-1.007,27.653,-19.927,-15.289,5.826,11.757,-8.27,-0.15
46.253,114.06,30.327,-32.459,39.159,-14.537,-6.893,17.252,5.731,-26.05,12.896,-11.748
47.079,57.284,24.792,-13.031,21.126,-21.342,-13.256,-23.331,-8.283,35.053,-10.431,-6.113
46.881,68.558,37.746,-9.179,26.706,4.146,-34.596,-21.537,-17.584,2.546,-26.533,2.489
43.341,7.453,-21.924,49.948,-6.942,-30.599,-36.559,-0.111,4.395,-19.868,-14.218,4.303
38.216,57.705,16.392,-43.359,33.465,-2.821,-28.373,-21.02,-16.26,-27.083,13.941,12.082
42.538,42.277,17.496,-14.221,10.002,37.237,-9.279,22.912,11.391,-6.595,-16.763,2.918
38.308,46.292,22.516,21.547,56.836,-11.79,-27.476,-14.628,8.16,1.568,3.707,-17.611
38.932,37.803,5.977,16.871,9.447,22.955,-5.787,16.612,19.705,-0.484,-11.444,-9.492
41.233,69.54,-18.683,21.66,46.626,-1.909,-16.456,-25.19,13.883,13.994,13.692,-12.175
43.796,61.502,11.909,31.814,28.404,3.926,-11.058,10.995,14.257,14.996,-8.894,8.701
40.813,73.146,51.214,9.545,1.037,26.498,14.466,-20.44,10.304,27.011,7.902,-10.945
42.755,59.949,37.053,4.368,-22.975,11.655,13.998,-37.979,-3.698,15.28,-9.301,-12.603
44.947,122.291,27.198,-56.632,10.885,5.578,-20.933,-5.385,35.235,-30.227,-2.029,-4.182
47.902,52.164,44.744,-2.863,32.272,27.209,-2.838,-11.374,0.428,-3.139,-1.466,-4.264
45.595,77.651,34.83,-61.753,21.635,5.133,12.304,18.666,-1.367,-27.168,5.798,-16.94
48.399,25.018,32.711,13.834,13.801,-22.644,-22.039,-18.196,-0.214,24.186,-8.336,3.064
47.747,49.584,60.458,-25.938,19.983,22.769,-31.111,1.096,1.539,-1.996,-9.408,2.755
43.302,24.762,10.497,32.323,1.917,-4.596,-51.111,7.085,-2.71,-3.07,-24.96,6.401
38.356,51.587,38.673,-69.287,29.192,43.665,-1.046,3.251,11.489,-11.362,-42.752,9.56
38.359,56.153,45.289,11.647,44.658,-1.908,-15.171,-16.046,0.808,8.935,1.381,-0.006
42.339,50.325,65.691,-22.607,-2.93,35.243,31.083,26.1,-21.384,-2.073,6.975,-7.563
45.777,67.322,72.802,26.776,22.229,-9.544,4.127,-24.206,-41.737,7.882,12.29,-8.857
45.231,56.346,72.824,13.971,0.979,1.218,26.49,0.168,-19.683,-7.983,-17.824,19.683
44.697,61.403,100.289,12.38,20.149,-25.949,33.37,-2.909,-15.959,2.653,7.469,21.532
49.919,19.237,52.684,0.378,30.217,0.119,-2.739,15.66,14.925,-11.54,-11.325,13.58
50.354,50.305,58.462,0.065,37.86,-33.053,-13.174,-0.611,-7.554,-13.223,14.453,15.674
50.402,65.388,43.389,20.457,15.955,-25.958,-14.922,-14.138,12.48,-13.385,-23.176,-4.561
49.68,41.731,68.245,-9.348,45.254,7.667,-17.763,-21.29,-7.231,-4.946,2.383,-20.006
49.359,21.966,48.052,9.818,11.154,-14.199,-6.961,-4.6,27.009,-8.116,-6.47,7.786
49.505,63.195,63.009,-43.863,27.307,-4.303,-41.822,19.985,3.491,-8.224,3.106,2.94
50.215,93.852,54.671,-24.178,53.612,-9.22,-8.278,14.201,-5.094,8.177,-13.017,7.564
49.915,53.224,47.435,-0.755,54.759,-6.875,-7.151,-20.125,-17.525,13.575,-8.563,11.678
47.143,24.92,75.244,-2.351,-2.118,-20.984,-8.036,-1.927,0.494,8.626,-2.568,6.988
48.554,54.677,42.733,-20.299,16.489,11.472,-24.344,-10.641,-0.413,-26.183,-15.706,7.115
49.082,29.95,56.305,-6.884,25.632,-0.149,-31.38,-24.872,-0.35,7.266,11.78,-10.844
48.496,-4.321,57.315,28.216,19.84,-35.256,-11.664,-9.666,16.431,0.176,-1.29,-11.595
48.063,78.833,11.959,-27.056,46.672,-45.304,-14.782,36.434,35.185,-1.904,10.243,-6.76
48.087,70.057,6.649,29.449,24.707,-20.903,-58.201,-39.212,-1.865,-1.61,-5.048,22.134
48.939,50.604,69.636,-11.347,27.913,13.564,-12.309,-13.985,6.728,-11.1,3.385,-14.278
46.387,-4.245,61.015,0.849,25.497,-20.829,-18.771,-10.951,19.699,-20.985,0.823,-15.222
45.795,-13.76,32.921,19.724,9.032,-30.517,-2.938,-2.319,24.328,-6.659,-1.108,-2.722
47.654,87.993,29.794,-40.859,25.741,-0.501,-7.898,-27.855,23.999,-33.608,7.606,14.516
49.886,47.519,59.282,12.802,30.217,6.523,-14.309,-6.72,-7.447,1.083,22.955,-4.397
47.994,53.167,37.659,-47.803,56.637,-4.201,-10.737,24.912,11.392,-19.024,9.372,-13.344
49.524,36.151,24.867,20.132,37.657,-10.382,-1.157,-1.604,-6.07,27.76,-6.674,16.196
48.853,44.671,39.516,-4.661,38.604,24.03,-24.713,-8.792,6.496,-23.142,-5.117,6.357
46.07,0.483,35.024,3.621,19.284,-13.753,-14.347,-20.526,11.173,-7.919,2.484,7.131
44.142,-2.278,59.939,6.907,10.593,-11.452,-30.944,-24.431,-10.419,9.066,-3.041,-3.603
44.014,34.093,48.896,13.376,26.901,-39.783,-18.749,-28.858,-4.331,0.522,-1.457,-3.134
45.788,12.181,36.63,21.701,8.591,-31.14,-16.737,-11.132,16.638,-2.753,4.022,-0.094
44.372,10.133,34.897,0.538,34.563,19.834,4.99,4.431,19.58,-26.07,12.86,-3.545
43.376,16.17,33.238,13.783,46.796,-20.494,5.293,-9.156,8.412,-8.102,2.016,-14.408
45.071,30.221,33.717,-17.311,26.139,1.607,1.331,-13.887,7.457,-15.416,-6.702,1.815
47.18,21.622,44.219,-3.046,13.298,-18.628,2.751,1.773,-5.437,-7.045,11.064,8.575
49.674,12.29,55.248,19.043,9.964,0.493,-2.473,-3.42,-9.104,-8.037,15.44,-17.376
49.857,35.791,65.016,3.03,28.727,-23.338,-37.789,-30.52,-9.309,3.162,7.055,13.423
50.508,61.849,46.5,8.793,12.926,-12.071,-11.806,8.658,-8.644,-24.914,-0.01,9.862
49.565,23.696,82.754,-14.553,25.072,11.339,-7.364,0.445,3.696,-18.752,10.753,-10.014
50.409,18.712,64.005,-1.014,-5.397,-20.951,9.556,16.873,5.392,-23.503,1.579,-0.212
50.063,53.357,66.576,-15.188,34.362,-3.789,-11.492,13.641,-17.836,-33.034,3.999,5.201
50.828,106.434,68.788,-6.55,48.371,-17.339,-1.103,8.701,-26.919,-4.834,3.293,7.458
51.111,57.202,83.966,18.243,33.563,-42.683,-5.727,4.802,-26.628,-1.676,9.011,-1.074
50.22,33.575,77.544,20.822,18.064,-41.512,-3.427,9.311,-17.91,2.401,-0.049,12.943
50.906,70.382,71.185,14.12,25.849,3.718,-12.205,-12.144,-23.503,-18.75,-6.33,5.024
49.639,23.298,78.651,17.535,7.887,-23.137,-6.472,-13.799,-17.353,2.461,3.076,-9.164
49.437,68.681,74.578,-18.707,40.089,-24.544,-1.765,25.396,-5.602,-29.789,13.902,-7.45
50.405,82.023,39.2,19.384,31.721,-24.8,-14.132,-18.092,-22.154,-0.816,-6.279,17.697
50.177,58.725,81.041,27.866,38.274,0.133,-0.853,-11.555,-6.249,3.778,14.675,-2.677
47.324,15.286,67.515,11.481,22.713,-13.862,6.76,-10.999,-11.243,0.436,6.536,-15.177
47.224,-18.607,66.549,-0.855,2.27,-23.48,1.061,10.134,-5.85,-8.528,-2.065,-6.644
48.996,82.95,58.374,-20.137,9.632,-4.642,6.434,-1.206,16.948,-36.393,4.664,6.817
50.451,60.002,66.467,24.01,22.113,-12.061,-4.905,-2.257,-11.766,7.186,36.197,-10.705
49.462,48.16,57.883,-27.375,48.089,-20.133,-3.282,29.923,1.232,-26.767,12.885,-15.722
50.553,41.291,55.516,24.438,31.266,-21.061,-11.238,-6.219,-4.779,17.839,-1.579,-2.317
50.395,57.714,58.78,5.685,26.794,-5.765,-21.638,-10.1,0.018,-14.833,-1.595,0.718
49.121,45.393,94.707,4.911,26.455,-8.76,-7.73,4.339,10.073,-10.965,4.991,12.539
49.124,22.42,72.14,1.969,24.868,-42.244,-3.585,-2.758,10.143,8.717,-7.044,-10.514
48.615,48.794,85.173,-1.947,26.264,-17.382,-43.62,5.007,13.466,8.351,4.232,-12.869
48.617,43.706,83.219,16.594,29.91,-24.086,-16.739,-10.747,4.159,13.967,-2.09,-15.598
49.256,27.536,45.906,-0.876,22.118,-42.607,-10.856,-3.335,-8.415,-8.22,-1.337,5.061
48.956,19.672,33.751,-19.593,38.583,-35.059,-14.718,9.568,-10.297,-0.859,9.787,6.2
49.183,4.321,41.975,11.867,22.225,-33.512,-2.827,-7.525,4.928,-7.84,-20.878,-3.892
49.4,36.155,60.18,-10.494,25.928,-8.347,-11.627,15.292,-8.66,-23.011,14.428,16.394
50.035,56.532,46.317,17.273,4.772,-17.153,-21.034,-13.778,-0.225,-21.015,-4.066,0.495
49.961,32.982,70.668,4.603,33.011,9.453,-18.455,-13.614,-4.892,-18.337,13.403,-11.605
50.405,42.579,48.05,18.663,4.652,-8.729,0.248,9.002,17.802,-8.003,-3.816,3.029
49.93,55.471,70.061,-22.065,52.929,-5.384,-25.492,25.948,8.45,-22.821,6.369,20.056
51.937,101.322,51.453,14.023,42.203,-18.857,-24.657,7.871,-3.589,4.746,-1.65,13.562
49.744,61.664,46.642,-1.119,53.337,-22.046,-11.309,-16.825,-9.563,24.706,-9.965,1.346
50.673,83.404,61.083,-34.526,24.895,-4.166,-7.247,27.733,-22.887,-22.996,5.014,-3.665
50.493,79.057,60.409,36.769,23.446,-13.942,-30.396,-38.209,-27.039,-3.392,-14.594,12.161
48.492,11.409,76.269,-7.237,16.557,6.531,-10.56,-9.833,6.128,-5.649,-4.125,-1.047
48.676,99.712,37.722,-22.613,50.433,-31.237,10.032,17.499,1.091,-17.926,13.296,2.948
49.463,89.349,26.366,22.135,39.834,-18.177,-37.069,-22.982,-11.703,0.791,-7.224,0.298
49.913,53.582,72.649,21.532,28.357,-0.672,-22.059,-19.856,-12.534,1.302,16.491,6.82
46.381,-21.355,65.311,13.004,15.403,-16.402,5.963,-0.629,13.344,-14.452,-10.73,-20.934
48.015,16.266,65.118,9.976,-20.39,-35.31,-9.279,17.058,7.19,-8.145,10.325,-20.219
24.779,138.142,-125.305,389.824,3.966,-198.819,-72.213,53.067,8.165,-75.291,37.213,-12.648
50.018,82.344,48.184,19.597,4.876,-4.295,-54.133,-15.122,-23.212,9.565,-5.632,-0.896
49.45,45.844,82.031,2.718,15.651,16.108,-18.392,-10.71,-16.82,-13.973,11.981,-21.966
50.003,83.317,60.749,-16.06,15.632,-18.76,-13.412,17.955,-15.962,-10.11,6.411,-27.953
50.776,57.111,65.42,25.184,23.058,-8.396,-16.896,-2.575,-17.117,11.599,-2.231,-4.044
50.161,62.661,56.208,9.138,8.247,11.047,-36.331,-7.895,-24.467,-10.577,-2.244,-4.988
47.686,8.583,63.812,3.37,-14.31,-2.54,-31.898,-12.071,-19.903,-1.911,14.517,-12.036
47.076,29.932,90.079,14.796,-4.178,-22.989,-9.43,-27.059,-8.358,-1.15,7.988,-34.022
47.104,42.77,88.852,5.887,-6.781,-14.529,-30.955,-21.303,-13.184,-8.459,10.911,-24.855
48.138,52.773,68.233,12.281,-11.787,-18.847,-27.899,-15.158,-21.081,0.205,-2.058,-27.79
47.453,32.291,80.747,10.631,3.749,-24.278,-36.01,-16.48,-12.319,-4.204,9.354,-38.333
47.328,28.906,70.617,-14.994,21.46,-19.176,-22.966,-3.511,5.455,-4.254,10.79,-35.58
49.615,50.141,64.321,3.345,40.449,-22.87,-26.815,-17.107,-1.67,4.874,-1.228,10.135
49.043,22.279,48.974,-12.129,48.136,-24.777,-36.004,-3.197,-6.55,-11.034,-4.011,-6.129
48.923,30.953,64.424,-31.449,49.959,-14.651,-17.06,-2.721,-5.197,4.415,-6.769,9.559
48.375,13.703,64.967,-50.414,14.937,-10.774,6.69,18.713,-1.784,-10.196,-4.808,10.471
50.311,58.548,36.96,21.678,15.812,-16.112,-12.293,-10.185,-1.518,-0.734,-21.263,9.154
49.904,43.694,69.58,-6.183,40.681,15.168,-16.265,-24.079,0.04,-11.884,7.013,-22.022
49.454,25.834,59.76,19.405,16.138,-15.554,9.628,2.348,21.401,-9.568,-1.281,1.699
50.871,75.391,68.314,0.235,59.045,-3.178,-22.114,16.764,-6.079,-23.783,2.134,10.863
51.297,103.349,56.86,-5.127,58.782,-5.295,-22.701,4.632,-10.564,-9.281,3.249,-1.133
50.556,33.916,57.512,25.486,42.305,-24.472,-16.721,-6.285,-7.751,-2.594,-5.16,0.018
51.93,106.018,72.683,5.945,37.929,-16.247,-7.524,14.086,-31.803,-15.034,22.595,-9.842
50.181,86.368,71.025,36.301,26.896,-13.688,-20.469,-42.322,-25.154,7.057,-22.073,3.459
48.808,11.176,73.421,-14.541,22.784,-6.057,-13.761,8.713,2.385,-8.727,0.258,-3.649
49.835,86.018,35.11,7.883,49.308,-16.228,-29.101,-23.824,-17.44,0.557,-5.101,16.278
49.718,52.527,66.185,15.733,23.674,16.275,-13.544,-22.386,-12.285,-1.798,6.552,-4.122
46.804,-0.904,79.796,-14.501,12.696,-18.764,-0.525,9.45,-10.089,-6.387,-7.746,-4.887
48.277,61.624,82.031,-28.966,20.508,-8.897,-4.637,3.155,1.911,-22.849,-9.085,0.869
50.24,53.055,76.864,21.266,22.496,-17.796,-7.529,-3.401,-13.905,1.668,18.872,-12.046
49.667,70.209,64.926,-11.285,44.759,-10.999,1.019,26.692,-16.637,-13.421,19.546,-13.831
51.222,48.938,44.117,28.873,20.514,-20.444,1.32,-17.588,-19.801,13.912,-1.207,9.344
49.931,45.874,52.116,23.009,7.935,-8.271,-23.958,-21.961,-8.214,-9.722,1.293,14.34
45.811,17.084,104.05,18.212,-1.857,-4.193,-0.644,-22.838,17.961,-0.143,8.047,-0.957
47.161,31.662,83.703,20.407,-30.87,-17.382,-17.067,-5.103,13.787,-9.147,9.903,-1.646
45.174,18.79,115.161,25.703,-30.841,-3.447,8.281,-41.333,6.384,-15.496,2.234,-11.674
44.514,-49.911,130.315,30.197,-56.253,-22.21,-15.859,-12.168,33.811,11.632,8.312,-5.796
46.432,39.607,92.924,26.492,-16.004,-11.264,-3.806,-15.069,13.901,-8.722,-8.384,-6.142
47.174,13.428,55.701,41.167,-42.864,-25.804,3.549,-6.117,5.174,-4.947,-25.108,2.028
41.905,-7.533,75.579,44.841,-39.367,12.534,-1.438,-18.541,14.859,-3.531,-17.11,-16.158
34.463,-73.756,104.179,14.884,-73.867,-10.367,-24.808,-4.169,-5.44,-3.947,-12.007,-31.647
31.698,-74.246,50.551,57.913,-78.943,11.338,-22.599,7.545,-54.822,-21.484,-39.752,-46.283
26.983,-64.591,88.14,-14.187,-80.68,7.046,29.989,33.785,-82.191,-16.969,5.726,-60.446
26.235,-9.609,53.633,41.795,-119.741,-2.238,-57.142,12.957,-66.449,-18.488,-26.007,-82.588
19.189,34.14,25.118,-8.098,-122.264,26.022,-59.989,24.98,-54.277,-18.516,-29.999,-115.57
16.003,92.475,29.764,0.0,-143.197,16.799,-67.533,5.884,-50.645,-6.268,-32.205,-113.478
13.614,138.163,54.797,-7.144,-139.292,37.911,-44.558,1.042,-62.896,-11.728,-26.371,-104.707
13.522,134.044,89.261,19.298,-141.874,11.14,-12.929,12.282,-127.183,-19.846,-19.286,-81.594
9.428,132.888,91.446,31.163,-82.961,-12.022,50.882,36.224,-152.839,-36.3,-21.437,-42.168
6.622,121.642,93.971,62.845,29.733,-10.66,114.144,63.529,-107.484,2.512,-39.39,41.072
6.429,176.124,129.474,27.142,-32.052,29.911,48.118,45.741,-128.721,-17.96,-7.839,-27.133
5.793,200.103,113.554,30.54,-66.657,-1.293,-4.464,7.869,-110.211,-17.209,-9.981,-84.221
5.309,191.703,101.191,44.013,-53.453,-6.611,0.794,16.487,-116.152,-21.041,-19.997,-76.338
4.743,194.543,104.753,0.01,-49.016,-15.372,1.322,-1.365,-100.841,-18.142,-5.851,-82.884
3.7,174.433,78.378,21.337,-9.918,-18.616,24.542,18.687,-115.704,-18.016,-22.487,-48.912
4.133,169.781,84.603,33.873,-9.364,-12.644,34.841,29.312,-129.997,-22.872,-22.221,-40.996
3.107,165.849,75.139,-2.428,13.726,-21.706,44.983,17.081,-114.168,-19.172,-15.061,-26.699
3.941,165.82,88.193,16.972,-0.442,-25.716,46.23,23.743,-129.987,-26.31,-14.703,-30.977
3.231,165.304,75.327,6.019,12.283,-26.35,45.363,20.547,-116.273,-20.773,-11.224,-25.309
3.659,157.693,85.929,6.009,21.3,-31.913,67.128,20.711,-120.745,-21.773,-1.045,-1.175
4.072,154.264,86.165,31.558,20.42,-34.155,68.298,36.054,-124.431,-26.465,-11.825,8.697
2.568,176.428,51.997,11.944,9.987,-13.811,13.667,20.852,-73.517,-11.493,-22.948,-34.305
